id,activity_date,total_steps,active_minutes,total_distance,tracker_distance,logged_activities_distance,very_active_distance,moderately_active_distance,light_active_distance,sedentary_active_distance,very_active_minutes,fairly_active_minutes,lightly_active_minutes,sedentary_minutes,calories
1503960366,2016-04-12,13162,368,8.5,8.5,0,1.88,0.55,6.06,0,25,13,328,728,1985
1503960366,2016-04-13,10735,259,6.97,6.97,0,1.57,0.69,4.71,0,21,19,217,776,1797
1503960366,2016-04-14,10460,224,6.74,6.74,0,2.44,0.4,3.91,0,30,11,181,1218,1776
1503960366,2016-04-15,9762,274,6.28,6.28,0,2.14,1.26,2.83,0,29,34,209,726,1745
1503960366,2016-04-16,12669,269,8.16,8.16,0,2.71,0.41,5.04,0,36,10,221,773,1863
1503960366,2016-04-17,9705,224,6.48,6.48,0,3.19,0.78,2.51,0,38,20,164,539,1728
1503960366,2016-04-18,13019,293,8.59,8.59,0,3.25,0.64,4.71,0,42,16,233,1149,1921
1503960366,2016-04-19,15506,347,9.88,9.88,0,3.53,1.32,5.03,0,50,31,264,775,2035
1503960366,2016-04-20,10544,247,6.68,6.68,0,1.96,0.48,4.24,0,28,12,205,818,1786
1503960366,2016-04-21,9819,240,6.34,6.34,0,1.34,0.35,4.65,0,19,8,211,838,1775
1503960366,2016-04-22,12764,225,8.13,8.13,0,4.76,1.12,2.24,0,66,27,130,1217,1827
1503960366,2016-04-23,14371,326,9.04,9.04,0,2.81,0.87,5.36,0,41,21,262,732,1949
1503960366,2016-04-24,10039,284,6.41,6.41,0,2.92,0.21,3.28,0,39,5,238,709,1788
1503960366,2016-04-25,15355,305,9.8,9.8,0,5.29,0.57,3.94,0,73,14,216,814,2013
1503960366,2016-04-26,13755,335,8.79,8.79,0,2.33,0.92,5.54,0,31,23,279,833,1970
1503960366,2016-04-27,18134,334,12.21,12.21,0,6.4,0.41,5.41,0,78,11,243,1108,2159
1503960366,2016-04-28,13154,267,8.53,8.53,0,3.54,1.16,3.79,0,48,28,189,782,1898
1503960366,2016-04-29,11181,273,7.15,7.15,0,1.06,0.5,5.58,0,16,12,243,815,1837
1503960366,2016-04-30,14673,305,9.25,9.25,0,3.56,1.42,4.27,0,52,34,217,712,1947
1503960366,2016-05-01,10602,316,6.81,6.81,0,2.29,1.6,2.92,0,33,35,246,730,1820
1503960366,2016-05-02,14727,335,9.71,9.71,0,3.21,0.57,5.92,0,41,15,277,798,2004
1503960366,2016-05-03,15103,330,9.66,9.66,0,3.73,1.05,4.88,0,50,24,254,816,1990
1503960366,2016-05-04,11100,263,7.15,7.15,0,2.46,0.87,3.82,0,36,22,203,1179,1819
1503960366,2016-05-05,14070,321,8.9,8.9,0,2.92,1.08,4.88,0,45,24,250,857,1959
1503960366,2016-05-06,12159,321,8.03,8.03,0,1.97,0.25,5.81,0,24,6,289,754,1896
1503960366,2016-05-07,11992,260,7.71,7.71,0,2.46,2.12,3.13,0,37,46,175,833,1821
1503960366,2016-05-08,10060,257,6.58,6.58,0,3.53,0.32,2.73,0,44,8,203,574,1740
1503960366,2016-05-09,12022,265,7.72,7.72,0,3.45,0.53,3.74,0,46,11,206,835,1819
1503960366,2016-05-10,12207,293,7.77,7.77,0,3.35,1.16,3.26,0,46,31,214,746,1859
1503960366,2016-05-11,12770,312,8.13,8.13,0,2.56,1.01,4.55,0,36,23,251,669,1783
1503960366,2016-05-12,0,2,0,0,0,0,0,0,0,0,0,0,1440,0
1624580081,2016-04-12,8163,148,5.31,5.31,0,0,0,5.31,0,0,0,146,1294,1432
1624580081,2016-04-13,7007,150,4.55,4.55,0,0,0,4.55,0,0,0,148,1292,1411
1624580081,2016-04-14,9107,238,5.92,5.92,0,0,0,5.91,0.01,0,0,236,1204,1572
1624580081,2016-04-15,1510,98,0.98,0.98,0,0,0,0.97,0,0,0,96,1344,1344
1624580081,2016-04-16,5370,178,3.49,3.49,0,0,0,3.49,0,0,0,176,1264,1463
1624580081,2016-04-17,6175,166,4.06,4.06,0,1.03,1.52,1.49,0.01,15,22,127,1276,1554
1624580081,2016-04-18,10536,228,7.41,7.41,0,2.15,0.62,4.62,0.01,17,7,202,1214,1604
1624580081,2016-04-19,2916,143,1.9,1.9,0,0,0,1.9,0,0,0,141,1299,1435
1624580081,2016-04-20,4974,153,3.23,3.23,0,0,0,3.23,0,0,0,151,1289,1446
1624580081,2016-04-21,6349,188,4.13,4.13,0,0,0,4.11,0.02,0,0,186,1254,1467
1624580081,2016-04-22,4026,201,2.62,2.62,0,0,0,2.6,0,0,0,199,1241,1470
1624580081,2016-04-23,8538,229,5.55,5.55,0,0,0,5.54,0.01,0,0,227,1213,1562
1624580081,2016-04-24,6076,221,3.95,3.95,0,1.15,0.91,1.89,0,16,18,185,1221,1617
1624580081,2016-04-25,6497,204,4.22,4.22,0,0,0,4.2,0.02,0,0,202,1238,1492
1624580081,2016-04-26,2826,142,1.84,1.84,0,0,0,1.83,0.01,0,0,140,1300,1402
1624580081,2016-04-27,8367,209,5.44,5.44,0,1.11,1.87,2.46,0,17,36,154,1233,1670
1624580081,2016-04-28,2759,122,1.79,1.79,0,0,0.2,1.6,0,0,5,115,1320,1401
1624580081,2016-04-29,2390,152,1.55,1.55,0,0,0,1.55,0,0,0,150,1290,1404
1624580081,2016-04-30,6474,260,4.3,4.3,0,0.9,1.28,2.12,0.01,11,23,224,1182,1655
1624580081,2016-05-01,36019,422,28.03,28.03,0,21.92,4.19,1.91,0.02,186,63,171,1020,2690
1624580081,2016-05-02,7155,181,4.93,4.93,0,0.86,0.59,3.47,0,7,6,166,1261,1497
1624580081,2016-05-03,2100,98,1.37,1.37,0,0,0,1.34,0.02,0,0,96,1344,1334
1624580081,2016-05-04,2193,120,1.43,1.43,0,0,0,1.42,0,0,0,118,1322,1368
1624580081,2016-05-05,2470,119,1.61,1.61,0,0,0,1.58,0.02,0,0,117,1323,1370
1624580081,2016-05-06,1727,104,1.12,1.12,0,0,0,1.12,0.01,0,0,102,1338,1341
1624580081,2016-05-07,2104,184,1.37,1.37,0,0,0,1.37,0,0,0,182,1258,1474
1624580081,2016-05-08,3427,154,2.23,2.23,0,0,0,2.22,0,0,0,152,1288,1427
1624580081,2016-05-09,1732,93,1.13,1.13,0,0,0,1.13,0,0,0,91,1349,1328
1624580081,2016-05-10,2969,141,1.93,1.93,0,0,0,1.92,0.01,0,0,139,1301,1393
1624580081,2016-05-11,3134,114,2.04,2.04,0,0,0,2.04,0,0,0,112,1328,1359
1624580081,2016-05-12,2971,109,1.93,1.93,0,0,0,1.92,0.01,0,0,107,890,1002
1644430081,2016-04-12,10694,311,7.77,7.77,0,0.14,2.3,5.33,0,2,51,256,1131,3199
1644430081,2016-04-13,8001,183,5.82,5.82,0,2.28,0.9,2.64,0,30,16,135,1259,2902
1644430081,2016-04-14,11037,317,8.02,8.02,0,0.36,2.56,5.1,0,5,58,252,1125,3226
1644430081,2016-04-15,5263,179,3.83,3.83,0,0.22,0.15,3.45,0,3,4,170,1263,2750
1644430081,2016-04-16,15300,307,11.12,11.12,0,4.1,1.88,5.09,0,51,42,212,1135,3493
1644430081,2016-04-17,8757,230,6.37,6.37,0,2.25,0.57,3.55,0,29,13,186,1212,3011
1644430081,2016-04-18,7132,171,5.19,5.19,0,1.07,1.67,2.45,0,15,33,121,1271,2806
1644430081,2016-04-19,11256,343,8.18,8.18,0,0.36,2.53,5.3,0,5,58,278,1099,3300
1644430081,2016-04-20,2436,127,1.77,1.77,0,0,0,1.76,0.01,0,0,125,1315,2430
1644430081,2016-04-21,1223,40,0.89,0.89,0,0,0,0.88,0.01,0,0,38,1402,2140
1644430081,2016-04-22,3673,88,2.67,2.67,0,0,0,2.66,0.01,0,0,86,1354,2344
1644430081,2016-04-23,6637,177,4.83,4.83,0,0,0.58,4.25,0,0,15,160,1265,2677
1644430081,2016-04-24,3321,91,2.41,2.41,0,0,0,2.41,0,0,0,89,1351,2413
1644430081,2016-04-25,3580,105,2.6,2.6,0,0.59,0.06,1.95,0,8,1,94,1337,2497
1644430081,2016-04-26,9919,277,7.21,7.21,0,0.8,1.72,4.69,0,11,41,223,1165,3123
1644430081,2016-04-27,3032,120,2.2,2.2,0,0,0,2.2,0,0,0,118,1322,2489
1644430081,2016-04-28,9405,285,6.84,6.84,0,0.2,2.32,4.31,0,3,53,227,1157,3108
1644430081,2016-04-29,3176,122,2.31,2.31,0,0,0,2.31,0,0,0,120,1193,2498
1644430081,2016-04-30,18213,484,13.24,13.24,0,0.63,3.14,9.46,0,9,71,402,816,3846
1644430081,2016-05-01,6132,175,4.46,4.46,0,0.24,0.99,3.23,0,3,24,146,908,2696
1644430081,2016-05-02,3758,158,2.73,2.73,0,0.07,0.31,2.35,0,1,7,148,682,2580
1644430081,2016-05-03,12850,327,9.34,9.34,0,0.72,4.09,4.54,0,10,94,221,1115,3324
1644430081,2016-05-04,2309,54,1.68,1.68,0,0,0,1.66,0.02,0,0,52,1388,2222
1644430081,2016-05-05,4363,101,3.19,3.19,0,0.52,0.54,2.13,0.01,6,12,81,1341,2463
1644430081,2016-05-06,9787,388,7.12,7.12,0,0.82,0.27,6.01,0.02,11,6,369,1054,3328
1644430081,2016-05-07,13372,303,9.72,9.72,0,3.26,0.79,5.67,0.01,41,17,243,1139,3404
1644430081,2016-05-08,6724,297,4.89,4.89,0,0,0,4.88,0,0,0,295,991,2987
1644430081,2016-05-09,6643,343,4.83,4.83,0,2.39,0.35,2.09,0.01,32,6,303,1099,3008
1644430081,2016-05-10,9167,188,6.66,6.66,0,0.88,0.81,4.97,0.01,12,19,155,1254,2799
1644430081,2016-05-11,1329,51,0.97,0.97,0,0,0,0.95,0.01,0,0,49,713,1276
1844505072,2016-04-12,6697,341,4.43,4.43,0,0,0,4.43,0,0,0,339,1101,2030
1844505072,2016-04-13,4929,250,3.26,3.26,0,0,0,3.26,0,0,0,248,1192,1860
1844505072,2016-04-14,7937,375,5.25,5.25,0,0,0,5.23,0,0,0,373,843,2130
1844505072,2016-04-15,3844,178,2.54,2.54,0,0,0,2.54,0,0,0,176,527,1725
1844505072,2016-04-16,3414,149,2.26,2.26,0,0,0,2.26,0,0,0,147,1293,1657
1844505072,2016-04-17,4525,211,2.99,2.99,0,0.14,0.26,2.59,0,2,8,199,1231,1793
1844505072,2016-04-18,4597,231,3.04,3.04,0,0,0.48,2.56,0,0,12,217,1211,1814
1844505072,2016-04-19,197,12,0.13,0.13,0,0,0,0.13,0,0,0,10,1430,1366
1844505072,2016-04-20,8,3,0.01,0.01,0,0,0,0.01,0,0,0,1,1439,1349
1844505072,2016-04-21,8054,325,5.32,5.32,0,0.12,0.52,4.68,0,2,13,308,1117,2062
1844505072,2016-04-22,5372,222,3.55,3.55,0,0,0,3.55,0,0,0,220,1220,1827
1844505072,2016-04-23,3570,141,2.36,2.36,0,0,0,2.36,0,0,0,139,1301,1645
1844505072,2016-04-24,0,2,0,0,0,0,0,0,0,0,0,0,1440,1347
1844505072,2016-04-25,0,2,0,0,0,0,0,0,0,0,0,0,1440,1347
1844505072,2016-04-26,0,2,0,0,0,0,0,0,0,0,0,0,1440,1347
1844505072,2016-04-27,4,3,0,0,0,0,0,0,0,0,0,1,1439,1348
1844505072,2016-04-28,6907,304,4.57,4.57,0,0,0,4.56,0,0,0,302,1138,1992
1844505072,2016-04-29,4920,249,3.25,3.25,0,0,0,3.25,0,0,0,247,1082,1856
1844505072,2016-04-30,4014,186,2.67,2.67,0,0,0,2.65,0,0,0,184,218,1763
1844505072,2016-05-01,2573,84,1.7,1.7,0,0,0.26,1.45,0,0,7,75,585,1541
1844505072,2016-05-02,0,2,0,0,0,0,0,0,0,0,0,0,1440,1348
1844505072,2016-05-03,4059,186,2.68,2.68,0,0,0,2.68,0,0,0,184,1256,1742
1844505072,2016-05-04,2080,89,1.37,1.37,0,0,0,1.37,0,0,0,87,1353,1549
1844505072,2016-05-05,2237,122,1.48,1.48,0,0,0,1.48,0,0,0,120,1320,1589
1844505072,2016-05-06,44,4,0.03,0.03,0,0,0,0.03,0,0,0,2,1438,1351
1844505072,2016-05-07,0,2,0,0,0,0,0,0,0,0,0,0,1440,1347
1844505072,2016-05-08,0,2,0,0,0,0,0,0,0,0,0,0,1440,1347
1844505072,2016-05-09,0,2,0,0,0,0,0,0,0,0,0,0,1440,1347
1844505072,2016-05-10,0,2,0,0,0,0,0,0,0,0,0,0,1440,1347
1844505072,2016-05-11,0,2,0,0,0,0,0,0,0,0,0,0,1440,1347
1844505072,2016-05-12,0,2,0,0,0,0,0,0,0,0,0,0,711,665
1927972279,2016-04-12,678,57,0.47,0.47,0,0,0,0.47,0,0,0,55,734,2220
1927972279,2016-04-13,356,34,0.25,0.25,0,0,0,0.25,0,0,0,32,986,2151
1927972279,2016-04-14,2163,99,1.5,1.5,0,0,0.4,1.1,0,0,9,88,1292,2383
1927972279,2016-04-15,980,53,0.68,0.68,0,0,0,0.68,0,0,0,51,941,2221
1927972279,2016-04-16,0,2,0,0,0,0,0,0,0,0,0,0,1440,2064
1927972279,2016-04-17,0,2,0,0,0,0,0,0,0,0,0,0,1440,2063
1927972279,2016-04-18,244,19,0.17,0.17,0,0,0,0.17,0,0,0,17,1423,2111
1927972279,2016-04-19,0,2,0,0,0,0,0,0,0,0,0,0,1440,2063
1927972279,2016-04-20,0,2,0,0,0,0,0,0,0,0,0,0,1440,2063
1927972279,2016-04-21,0,2,0,0,0,0,0,0,0,0,0,0,1440,2064
1927972279,2016-04-22,149,12,0.1,0.1,0,0,0,0.1,0,0,0,10,1430,2093
1927972279,2016-04-23,2945,147,2.04,2.04,0,0,0,2.04,0,0,0,145,1295,2499
1927972279,2016-04-24,2090,84,1.45,1.45,0,0.07,0.24,1.14,0,1,6,75,1358,2324
1927972279,2016-04-25,152,14,0.11,0.11,0,0,0,0.11,0,0,0,12,1303,2100
1927972279,2016-04-26,3761,194,2.6,2.6,0,0,0,2.6,0,0,0,192,1058,2638
1927972279,2016-04-27,0,2,0,0,0,0,0,0,0,0,0,0,1440,2063
1927972279,2016-04-28,1675,97,1.16,1.16,0,0,0,1.16,0,0,0,95,1167,2351
1927972279,2016-04-29,0,2,0,0,0,0,0,0,0,0,0,0,1440,2063
1927972279,2016-04-30,0,2,0,0,0,0,0,0,0,0,0,0,1440,2064
1927972279,2016-05-01,2704,87,1.87,1.87,0,1.01,0.03,0.83,0,14,1,70,1355,2411
1927972279,2016-05-02,3790,120,2.62,2.62,0,1.16,0.3,1.16,0,16,8,94,1322,2505
1927972279,2016-05-03,1326,29,0.92,0.92,0,0.73,0,0.18,0,10,0,17,1413,2195
1927972279,2016-05-04,1786,89,1.24,1.24,0,0,0,1.24,0,0,0,87,1353,2338
1927972279,2016-05-05,0,2,0,0,0,0,0,0,0,0,0,0,1440,2063
1927972279,2016-05-06,2091,110,1.45,1.45,0,0,0,1.45,0,0,0,108,1332,2383
1927972279,2016-05-07,1510,50,1.04,1.04,0,0,0,1.04,0,0,0,48,1392,2229
1927972279,2016-05-08,0,2,0,0,0,0,0,0,0,0,0,0,1440,2063
1927972279,2016-05-09,0,2,0,0,0,0,0,0,0,0,0,0,1440,2063
1927972279,2016-05-10,0,2,0,0,0,0,0,0,0,0,0,0,1440,2063
1927972279,2016-05-11,0,2,0,0,0,0,0,0,0,0,0,0,1440,2063
1927972279,2016-05-12,0,2,0,0,0,0,0,0,0,0,0,0,966,1383
2022484408,2016-04-12,11875,285,8.34,8.34,0,3.31,0.77,4.26,0,42,14,227,1157,2390
2022484408,2016-04-13,12024,342,8.5,8.5,0,2.99,0.1,5.41,0,43,5,292,1100,2601
2022484408,2016-04-14,10690,294,7.5,7.5,0,2.48,0.21,4.82,0,32,3,257,1148,2312
2022484408,2016-04-15,11034,320,8.03,8.03,0,1.94,0.31,5.78,0,27,9,282,1122,2525
2022484408,2016-04-16,10100,205,7.09,7.09,0,3.15,0.55,3.39,0,41,11,151,1237,2177
2022484408,2016-04-17,15112,390,11.4,11.4,0,3.87,0.66,6.88,0,28,29,331,1052,2782
2022484408,2016-04-18,14131,364,10.07,10.07,0,3.64,0.12,6.3,0,48,3,311,1078,2770
2022484408,2016-04-19,11548,290,8.53,8.53,0,3.29,0.24,5,0,31,7,250,1152,2489
2022484408,2016-04-20,15112,389,10.67,10.67,0,3.34,1.93,5.4,0,48,63,276,1053,2897
2022484408,2016-04-21,12453,414,8.74,8.74,0,3.33,1.11,4.31,0,104,53,255,1028,3158
2022484408,2016-04-22,12954,337,9.33,9.33,0,4.43,0.42,4.47,0,52,10,273,1105,2638
2022484408,2016-04-23,6001,251,4.21,4.21,0,0,0,4.21,0,0,0,249,1191,2069
2022484408,2016-04-24,13481,281,10.28,10.28,0,4.55,1.15,4.58,0,37,26,216,1161,2529
2022484408,2016-04-25,11369,271,8.01,8.01,0,3.33,0.22,4.46,0,44,8,217,1171,2470
2022484408,2016-04-26,10119,356,7.19,7.19,0,1.43,0.66,5.11,0,55,24,275,1086,2793
2022484408,2016-04-27,10159,323,7.13,7.13,0,1.04,0.97,5.12,0,19,20,282,1119,2463
2022484408,2016-04-28,10140,319,7.12,7.12,0,0.41,1.33,5.39,0,6,20,291,1123,2296
2022484408,2016-04-29,10245,344,7.19,7.19,0,0.48,1.21,5.5,0,21,40,281,1098,2611
2022484408,2016-04-30,18387,399,12.91,12.91,0,0.94,1.4,10.57,0,13,23,361,1043,2732
2022484408,2016-05-01,10538,300,7.4,7.4,0,1.94,0.96,4.5,0,25,28,245,1142,2380
2022484408,2016-05-02,10379,323,7.29,7.29,0,2.61,0.34,4.33,0,36,8,277,1119,2473
2022484408,2016-05-03,12183,338,8.74,8.74,0,3.99,0.46,4.28,0,72,14,250,1104,2752
2022484408,2016-05-04,11768,337,8.29,8.29,0,2.51,0.93,4.85,0,36,27,272,1105,2649
2022484408,2016-05-05,11895,330,8.35,8.35,0,2.79,0.86,4.7,0,55,20,253,1112,2609
2022484408,2016-05-06,10227,338,7.18,7.18,0,1.87,0.67,4.64,0,24,17,295,1104,2498
2022484408,2016-05-07,6708,173,4.71,4.71,0,1.61,0.08,3.02,0,20,2,149,1269,1995
2022484408,2016-05-08,3292,137,2.31,2.31,0,0,0,2.31,0,0,0,135,1305,1848
2022484408,2016-05-09,13379,381,9.39,9.39,0,2.12,1.63,5.64,0,35,47,297,1061,2709
2022484408,2016-05-10,12798,358,8.98,8.98,0,2.22,1.21,5.56,0,57,28,271,1084,2797
2022484408,2016-05-11,13272,309,9.32,9.32,0,4.18,1.15,3.99,0,58,25,224,1133,2544
2022484408,2016-05-12,9117,270,6.41,6.41,0,1.28,0.67,4.44,0,16,16,236,728,1853
2026352035,2016-04-12,4414,194,2.74,2.74,0,0.19,0.35,2.2,0,3,8,181,706,1459
2026352035,2016-04-13,4993,240,3.1,3.1,0,0,0,3.1,0,0,0,238,663,1521
2026352035,2016-04-14,3335,199,2.07,2.07,0,0,0,2.05,0,0,0,197,653,1431
2026352035,2016-04-15,3821,190,2.37,2.37,0,0,0,2.37,0,0,0,188,687,1444
2026352035,2016-04-16,2547,152,1.58,1.58,0,0,0,1.58,0,0,0,150,728,1373
2026352035,2016-04-17,838,62,0.52,0.52,0,0,0,0.52,0,0,0,60,1053,1214
2026352035,2016-04-18,3325,184,2.06,2.06,0,0,0,2.06,0,0,0,182,1062,1419
2026352035,2016-04-19,2424,143,1.5,1.5,0,0,0,1.5,0,0,0,141,785,1356
2026352035,2016-04-20,7222,329,4.48,4.48,0,0,0,4.48,0,0,0,327,623,1667
2026352035,2016-04-21,2467,155,1.53,1.53,0,0,0,1.53,0,0,0,153,749,1370
2026352035,2016-04-22,2915,164,1.81,1.81,0,0,0,1.81,0,0,0,162,712,1399
2026352035,2016-04-23,12357,434,7.71,7.71,0,0,0,7.71,0,0,0,432,458,1916
2026352035,2016-04-24,3490,166,2.16,2.16,0,0,0,2.16,0,0,0,164,704,1401
2026352035,2016-04-25,6017,262,3.73,3.73,0,0,0,3.73,0,0,0,260,821,1576
2026352035,2016-04-26,5933,290,3.68,3.68,0,0,0,3.68,0,0,0,288,1018,1595
2026352035,2016-04-27,6088,288,3.77,3.77,0,0,0,3.77,0,0,0,286,586,1593
2026352035,2016-04-28,6375,333,3.95,3.95,0,0,0,3.95,0,0,0,331,626,1649
2026352035,2016-04-29,7604,354,4.71,4.71,0,0,0,4.71,0,0,0,352,492,1692
2026352035,2016-04-30,4729,235,2.93,2.93,0,0,0,2.93,0,0,0,233,594,1506
2026352035,2016-05-01,3609,193,2.28,2.28,0,0,0,2.28,0,0,0,191,716,1447
2026352035,2016-05-02,7018,357,4.35,4.35,0,0,0,4.35,0,0,0,355,716,1690
2026352035,2016-05-03,5992,306,3.72,3.72,0,0,0,3.72,0,0,0,304,981,1604
2026352035,2016-05-04,6564,347,4.07,4.07,0,0,0,4.07,0,0,0,345,530,1658
2026352035,2016-05-05,12167,477,7.54,7.54,0,0,0,7.54,0,0,0,475,479,1926
2026352035,2016-05-06,8198,385,5.08,5.08,0,0,0,5.08,0,0,0,383,511,1736
2026352035,2016-05-07,4193,231,2.6,2.6,0,0,0,2.6,0,0,0,229,665,1491
2026352035,2016-05-08,5528,260,3.45,3.45,0,0,0,3.45,0,0,0,258,610,1555
2026352035,2016-05-09,10685,403,6.62,6.62,0,0,0,6.6,0,0,0,401,543,1869
2026352035,2016-05-10,254,19,0.16,0.16,0,0,0,0.16,0,0,0,17,1002,1141
2026352035,2016-05-11,8580,332,5.32,5.32,0,0,0,5.32,0,0,0,330,569,1698
2026352035,2016-05-12,8891,345,5.51,5.51,0,0,0,5.51,0,0,0,343,330,1364
2320127002,2016-04-12,10725,330,7.49,7.49,0,1.17,0.31,6.01,0,13,9,306,1112,2124
2320127002,2016-04-13,7275,337,4.9,4.9,0,0,0,4.9,0,0,0,335,1105,2003
2320127002,2016-04-14,3973,193,2.68,2.68,0,0,0,2.68,0,0,0,191,1249,1696
2320127002,2016-04-15,5205,247,3.51,3.51,0,0,0,3.51,0,0,0,245,1195,1801
2320127002,2016-04-16,5057,197,3.41,3.41,0,0,0,3.4,0,0,0,195,1245,1724
2320127002,2016-04-17,6198,251,4.18,4.18,0,0,0,4.18,0,0,0,249,1191,1852
2320127002,2016-04-18,6559,269,4.42,4.42,0,0,0.26,4.14,0,0,7,260,1173,1905
2320127002,2016-04-19,5997,241,4.04,4.04,0,0,0.38,3.66,0,0,11,228,1201,1811
2320127002,2016-04-20,7192,296,4.85,4.85,0,0,0.49,4.34,0,0,11,283,1146,1922
2320127002,2016-04-21,3404,140,2.29,2.29,0,0.06,0.42,1.81,0,1,10,127,1302,1610
2320127002,2016-04-22,5583,268,3.76,3.76,0,0,0,3.76,0,0,0,266,1174,1851
2320127002,2016-04-23,5079,244,3.42,3.42,0,0,0,3.42,0,0,0,242,1129,1804
2320127002,2016-04-24,4165,206,2.81,2.81,0,0,0,2.8,0,0,0,204,1236,1725
2320127002,2016-04-25,3588,162,2.42,2.42,0,0.23,0.2,1.99,0,3,5,152,1280,1654
2320127002,2016-04-26,3409,149,2.3,2.3,0,0,0,2.3,0,0,0,147,1293,1632
2320127002,2016-04-27,1715,84,1.16,1.16,0,0,0,1.16,0,0,0,82,1358,1481
2320127002,2016-04-28,1532,78,1.03,1.03,0,0,0,1.03,0,0,0,76,1364,1473
2320127002,2016-04-29,924,47,0.62,0.62,0,0,0,0.62,0,0,0,45,1395,1410
2320127002,2016-04-30,4571,236,3.08,3.08,0,0,0,3.07,0,0,0,234,1206,1779
2320127002,2016-05-01,772,42,0.52,0.52,0,0,0,0.52,0,0,0,40,1400,1403
2320127002,2016-05-02,3634,136,2.45,2.45,0,0.36,0.21,1.88,0,5,6,123,1306,1613
2320127002,2016-05-03,7443,238,5.02,5.02,0,1.49,0.37,3.16,0,20,10,206,1204,1878
2320127002,2016-05-04,1201,54,0.81,0.81,0,0,0,0.81,0,0,0,52,1388,1426
2320127002,2016-05-05,5202,236,3.51,3.51,0,0,0.39,3.11,0,0,11,223,1206,1780
2320127002,2016-05-06,4878,206,3.29,3.29,0,0,0,3.29,0,0,0,204,1236,1742
2320127002,2016-05-07,7379,321,4.97,4.97,0,0,0,4.97,0,0,0,319,1121,1972
2320127002,2016-05-08,5161,249,3.48,3.48,0,0,0,3.47,0,0,0,247,1193,1821
2320127002,2016-05-09,3090,147,2.08,2.08,0,0,0,2.08,0,0,0,145,1295,1630
2320127002,2016-05-10,6227,292,4.2,4.2,0,0,0,4.2,0,0,0,290,1150,1899
2320127002,2016-05-11,6424,302,4.33,4.33,0,0,0,4.33,0,0,0,300,1140,1903
2320127002,2016-05-12,2661,130,1.79,1.79,0,0,0,1.79,0,0,0,128,830,1125
2347167796,2016-04-12,10113,363,6.83,6.83,0,2,0.62,4.2,0,28,13,320,964,2344
2347167796,2016-04-13,10352,248,7.01,7.01,0,1.66,1.94,3.41,0,19,32,195,676,2038
2347167796,2016-04-14,10129,257,6.7,6.7,0,0.02,2.74,3.94,0,1,48,206,705,2010
2347167796,2016-04-15,10465,311,6.92,6.92,0,0.07,1.42,5.43,0,1,24,284,720,2133
2347167796,2016-04-16,22244,408,15.08,15.08,0,5.45,4.1,5.53,0,66,72,268,968,2670
2347167796,2016-04-17,5472,259,3.62,3.62,0,0.08,0.28,3.26,0,1,7,249,508,1882
2347167796,2016-04-18,8247,235,5.45,5.45,0,0.79,0.86,3.79,0,11,16,206,678,1944
2347167796,2016-04-19,6711,391,4.44,4.44,0,0,0,4.44,0,0,7,382,648,2346
2347167796,2016-04-20,10999,325,7.27,7.27,0,0.68,1.81,4.78,0,11,43,269,1011,2198
2347167796,2016-04-21,10080,259,6.75,6.75,0,1.85,1.53,3.38,0,23,26,208,761,2048
2347167796,2016-04-22,7804,244,5.16,5.16,0,0.56,1.68,2.92,0,9,27,206,781,1946
2347167796,2016-04-23,16901,429,11.37,11.37,0,2.78,1.45,7.15,0,32,35,360,591,2629
2347167796,2016-04-24,9471,362,6.26,6.26,0,0,0,6.26,0,0,0,360,584,2187
2347167796,2016-04-25,9482,305,6.38,6.38,0,1.27,0.52,4.6,0,15,11,277,653,2095
2347167796,2016-04-26,5980,229,3.95,3.95,0,0,0,3.95,0,0,0,227,732,1861
2347167796,2016-04-27,11423,332,7.58,7.58,0,1.86,0.4,5.32,0,26,9,295,623,2194
2347167796,2016-04-28,5439,231,3.6,3.6,0,0,0,3.6,0,0,0,229,764,1854
2347167796,2016-04-29,42,6,0.03,0.03,0,0,0,0.03,0,0,0,4,2,403
2873212765,2016-04-12,8796,381,5.91,5.91,0,0.11,0.93,4.88,0,2,21,356,1061,1982
2873212765,2016-04-13,7618,414,5.12,5.12,0,0,0.22,4.88,0.02,0,8,404,1028,2004
2873212765,2016-04-14,7910,333,5.32,5.32,0,0,0,5.32,0,0,0,331,1109,1893
2873212765,2016-04-15,8482,450,5.7,5.7,0,0,0,5.69,0.01,0,0,448,992,2063
2873212765,2016-04-16,9685,355,6.65,6.65,0,3.11,0.02,3.51,0.01,47,1,305,1087,2148
2873212765,2016-04-17,2524,170,1.7,1.7,0,0,0.35,1.34,0,0,8,160,1272,1529
2873212765,2016-04-18,7762,320,5.24,5.24,0,0.07,0.28,4.89,0,1,6,311,1122,1890
2873212765,2016-04-19,7948,391,5.37,5.37,0,0,0,5.36,0,0,0,389,1051,1956
2873212765,2016-04-20,9202,407,6.3,6.3,0,1.51,0.12,4.66,0.01,22,5,378,1035,2094
2873212765,2016-04-21,8859,385,5.98,5.98,0,0.13,0.37,5.47,0.01,2,10,371,1057,1970
2873212765,2016-04-22,7286,414,4.9,4.9,0,0.46,0,4.42,0.02,46,0,366,1028,2241
2873212765,2016-04-23,9317,365,6.35,6.35,0,2.09,0.23,4.02,0.01,28,5,330,1077,2021
2873212765,2016-04-24,6873,239,4.68,4.68,0,3,0.06,1.62,0,46,1,190,1203,1898
2873212765,2016-04-25,7373,361,4.95,4.95,0,0,0,4.95,0,0,0,359,1081,1907
2873212765,2016-04-26,8242,318,5.54,5.54,0,0.12,0.18,5.24,0,2,5,309,1124,1882
2873212765,2016-04-27,3516,245,2.36,2.36,0,0,0,2.36,0,46,0,197,1197,1966
2873212765,2016-04-28,7913,250,5.41,5.41,0,2.16,0.34,2.91,0,28,7,213,1192,1835
2873212765,2016-04-29,7365,251,4.95,4.95,0,1.36,1.41,2.18,0,20,23,206,1191,1780
2873212765,2016-04-30,8452,275,5.68,5.68,0,0.33,1.08,4.26,0.01,5,20,248,1167,1830
2873212765,2016-05-01,7399,223,4.97,4.97,0,0.49,1.04,3.44,0,7,18,196,1219,1739
2873212765,2016-05-02,7525,343,5.06,5.06,0,0,0.21,4.83,0.02,0,7,334,1099,1878
2873212765,2016-05-03,7412,372,4.98,4.98,0,0.06,0.25,4.66,0.01,1,6,363,1070,1906
2873212765,2016-05-04,8278,422,5.56,5.56,0,0,0,5.56,0,0,0,420,1020,2015
2873212765,2016-05-05,8314,349,5.61,5.61,0,0.78,0.8,4.03,0,13,23,311,1093,1971
2873212765,2016-05-06,7063,377,4.75,4.75,0,0,0.12,4.61,0.01,0,5,370,1065,1910
2873212765,2016-05-07,4940,140,3.38,3.38,0,2.28,0.55,0.55,0,75,11,52,1302,1897
2873212765,2016-05-08,8168,374,5.54,5.54,0,2.9,0,2.64,0,46,0,326,1068,2096
2873212765,2016-05-09,7726,347,5.19,5.19,0,0,0,5.19,0,0,0,345,1095,1906
2873212765,2016-05-10,8275,375,5.56,5.56,0,0,0,5.55,0.01,0,0,373,1067,1962
2873212765,2016-05-11,6440,321,4.33,4.33,0,0,0,4.32,0.01,0,0,319,1121,1826
2873212765,2016-05-12,7566,270,5.11,5.11,0,0,0,5.11,0,0,0,268,720,1431
3372868164,2016-04-12,4747,282,3.24,3.24,0,0,0,3.23,0.01,0,0,280,1160,1788
3372868164,2016-04-13,9715,397,6.63,6.63,0,0.99,0.34,5.27,0.02,16,8,371,1045,2093
3372868164,2016-04-14,8844,403,6.03,6.03,0,0.34,1.03,4.65,0.01,6,25,370,1039,2065
3372868164,2016-04-15,7451,337,5.08,5.08,0,0,0,5.06,0.02,0,0,335,1105,1908
3372868164,2016-04-16,6905,358,4.73,4.73,0,0,0,4.7,0.029999999,0,0,356,1084,1908
3372868164,2016-04-17,8199,337,5.88,5.88,0,1.41,0.1,4.36,0.01,11,2,322,1105,1964
3372868164,2016-04-18,6798,372,4.64,4.64,0,1.08,0.2,3.35,0,20,7,343,1070,2014
3372868164,2016-04-19,7711,378,5.26,5.26,0,0,0,5.24,0.02,0,0,376,1064,1985
3372868164,2016-04-20,4880,294,3.33,3.33,0,0.84,0.09,2.38,0.02,15,3,274,1148,1867
3372868164,2016-04-21,8857,405,6.07,6.07,0,1.15,0.26,4.64,0.01,18,9,376,1037,2124
3372868164,2016-04-22,3843,208,2.62,2.62,0,0,0,2.61,0.01,0,0,206,1234,1669
3372868164,2016-04-23,7396,327,5.07,5.07,0,1.4,0.08,3.58,0,20,2,303,1115,1995
3372868164,2016-04-24,6731,315,4.59,4.59,0,0.89,0.19,3.49,0.02,14,7,292,1127,1921
3372868164,2016-04-25,5995,418,4.09,4.09,0,0,0,4.09,0,0,0,416,1024,2010
3372868164,2016-04-26,8283,359,5.79,5.79,0,1.85,0.05,3.87,0.01,22,2,333,1083,2057
3372868164,2016-04-27,7904,385,5.42,5.42,0,1.58,0.63,3.19,0.01,24,13,346,1057,2095
3372868164,2016-04-28,5512,387,3.76,3.76,0,0,0,3.76,0,0,0,385,1055,1972
3372868164,2016-04-29,9135,404,6.23,6.23,0,0,0,6.22,0.01,0,0,402,1038,2044
3372868164,2016-04-30,5250,323,3.58,3.58,0,1.06,0.09,2.42,0.01,17,4,300,1119,1946
3372868164,2016-05-01,3077,174,2.1,2.1,0,0,0,2.09,0,0,0,172,842,1237
3977333714,2016-04-12,8856,196,5.98,5.98,0,3.06,0.91,2.01,0,44,19,131,777,1450
3977333714,2016-04-13,10035,232,6.71,6.71,0,2.03,2.13,2.55,0,31,46,153,754,1495
3977333714,2016-04-14,7641,244,5.11,5.11,0,0.32,0.97,3.82,0,5,23,214,801,1433
3977333714,2016-04-15,9010,242,6.06,6.06,0,1.05,1.75,3.26,0,15,42,183,644,1468
3977333714,2016-04-16,13459,269,9,9,0,2.03,4,2.97,0,31,83,153,663,1625
3977333714,2016-04-17,10415,276,6.97,6.97,0,0.7,2.35,3.92,0,11,58,205,600,1529
3977333714,2016-04-18,11663,315,7.8,7.8,0,0.25,3.73,3.82,0,4,95,214,605,1584
3977333714,2016-04-19,12414,309,8.78,8.78,0,2.24,2.45,3.96,0,19,67,221,738,1638
3977333714,2016-04-20,11658,266,7.83,7.83,0,0.2,4.35,3.28,0,2,98,164,845,1554
3977333714,2016-04-21,6093,244,4.08,4.08,0,0,0,4.06,0,0,0,242,712,1397
3977333714,2016-04-22,8911,235,5.96,5.96,0,2.33,0.58,3.06,0,33,12,188,731,1481
3977333714,2016-04-23,12058,346,8.07,8.07,0,0,4.22,3.85,0,0,92,252,724,1638
3977333714,2016-04-24,14112,256,10,10,0,3.27,4.56,2.17,0,30,95,129,660,1655
3977333714,2016-04-25,11177,194,8.48,8.48,0,5.62,0.43,2.41,0,50,9,133,781,1570
3977333714,2016-04-26,11388,274,7.62,7.62,0,0.45,4.22,2.95,0,7,95,170,797,1551
3977333714,2016-04-27,7193,188,5.04,5.04,0,0,0.42,4.62,0,0,10,176,714,1377
3977333714,2016-04-28,7114,215,4.88,4.88,0,1.37,0.29,3.22,0,15,8,190,804,1407
3977333714,2016-04-29,10645,220,7.75,7.75,0,3.74,1.3,2.71,0,36,32,150,744,1545
3977333714,2016-04-30,13238,291,9.2,9.2,0,3.69,2.1,3.41,0,43,52,194,687,1650
3977333714,2016-05-01,10414,207,7.07,7.07,0,2.67,1.98,2.41,0,41,40,124,691,1501
3977333714,2016-05-02,16520,345,11.05,11.05,0,1.54,6.48,3.02,0,24,143,176,713,1760
3977333714,2016-05-03,14335,348,9.59,9.59,0,3.32,1.74,4.53,0,47,41,258,594,1710
3977333714,2016-05-04,13559,254,9.44,9.44,0,1.81,4.58,2.89,0,14,96,142,852,1628
3977333714,2016-05-05,12312,282,8.58,8.58,0,1.76,4.11,2.71,0,14,88,178,680,1618
3977333714,2016-05-06,11677,254,8.28,8.28,0,3.11,2.51,2.67,0,29,55,168,676,1590
3977333714,2016-05-07,11550,296,7.73,7.73,0,0,4.13,3.59,0,0,86,208,703,1574
3977333714,2016-05-08,13585,298,9.09,9.09,0,0.68,5.24,3.17,0,9,116,171,688,1633
3977333714,2016-05-09,14687,283,10.08,10.08,0,0.77,5.6,3.55,0,8,122,151,1159,1667
3977333714,2016-05-10,13072,314,8.78,8.78,0,0.07,5.4,3.31,0,1,115,196,676,1630
3977333714,2016-05-11,746,15,0.5,0.5,0,0.37,0,0.13,0,4,0,9,13,52
4020332650,2016-04-12,8539,352,6.12,6.12,0,0.15,0.24,5.68,0,4,15,331,712,3654
4020332650,2016-04-13,0,2,0,0,0,0,0,0,0,0,0,0,1440,1981
4020332650,2016-04-14,108,5,0.08,0.08,0,0,0,0.03,0,0,0,3,1437,2011
4020332650,2016-04-15,1882,143,1.35,1.35,0,0.21,0.36,0.77,0,36,18,87,1299,2951
4020332650,2016-04-16,1982,143,1.42,1.42,0,0.45,0.37,0.59,0,65,21,55,1222,3051
4020332650,2016-04-17,16,4,0.01,0.01,0,0,0,0.01,0,0,0,2,1438,1990
4020332650,2016-04-18,62,4,0.04,0.04,0,0,0,0.04,0,0,0,2,1438,1995
4020332650,2016-04-19,0,2,0,0,0,0,0,0,0,0,0,0,1440,1980
4020332650,2016-04-20,0,2,0,0,0,0,0,0,0,0,0,0,1440,1980
4020332650,2016-04-21,0,2,0,0,0,0,0,0,0,0,0,0,1440,1980
4020332650,2016-04-22,0,2,0,0,0,0,0,0,0,0,0,0,1440,1980
4020332650,2016-04-23,0,2,0,0,0,0,0,0,0,0,0,0,1440,1980
4020332650,2016-04-24,0,2,0,0,0,0,0,0,0,0,0,0,1440,1980
4020332650,2016-04-25,0,2,0,0,0,0,0,0,0,0,0,0,1440,1980
4020332650,2016-04-26,0,2,0,0,0,0,0,0,0,0,0,0,1440,1980
4020332650,2016-04-27,0,2,0,0,0,0,0,0,0,0,0,0,1440,1980
4020332650,2016-04-28,0,2,0,0,0,0,0,0,0,0,0,0,1440,1980
4020332650,2016-04-29,0,2,0,0,0,0,0,0,0,0,0,0,1440,1980
4020332650,2016-04-30,0,2,0,0,0,0,0,0,0,0,0,0,1440,1980
4020332650,2016-05-01,0,2,0,0,0,0,0,0,0,0,0,0,1440,1980
4020332650,2016-05-02,475,44,0.34,0.34,0,0,0.04,0.29,0,0,11,31,1350,2207
4020332650,2016-05-03,4496,176,3.22,3.22,0,0,0,3.15,0.050000001,0,0,174,950,2828
4020332650,2016-05-04,10252,407,7.35,7.35,0,0.67,1.04,5.58,0,13,46,346,531,3879
4020332650,2016-05-05,11728,278,8.43,8.43,0,2.62,1.68,4.04,0.07,38,42,196,916,3429
4020332650,2016-05-06,4369,179,3.13,3.13,0,0,0,3.1,0.01,0,0,177,855,2704
4020332650,2016-05-07,6132,186,4.4,4.4,0,0,0,3.58,0,0,0,184,1256,2975
4020332650,2016-05-08,5862,265,4.2,4.2,0,0,0,4.15,0,0,0,263,775,3089
4020332650,2016-05-09,4556,183,3.27,3.27,0,0.2,0.12,2.94,0,3,5,173,1225,2785
4020332650,2016-05-10,5546,208,3.98,3.98,0,0,0,3.87,0.039999999,0,0,206,774,2926
4020332650,2016-05-11,3689,146,2.65,2.65,0,0.11,0.17,2.33,0,2,8,134,1296,2645
4020332650,2016-05-12,590,23,0.42,0.42,0,0,0,0.41,0,0,0,21,721,1120
4057192912,2016-04-12,5394,166,4.03,4.03,0,0,0,3.94,0,0,0,164,1276,2286
4057192912,2016-04-13,5974,162,4.47,4.47,0,0,0,4.37,0,0,0,160,1280,2306
4057192912,2016-04-14,0,2,0,0,0,0,0,0,0,0,0,0,1440,1776
4057192912,2016-04-15,3984,99,2.95,2.95,0,0.21,0.26,2.44,0,3,6,88,873,1527
4319703577,2016-04-12,7753,2,5.2,5.2,0,0,0,0,0,0,0,0,1440,2115
4319703577,2016-04-13,8204,121,5.5,5.5,0,0.53,0.59,1.31,0,8,15,96,1234,2135
4319703577,2016-04-14,10210,351,6.88,6.88,0,0.11,0.33,6.44,0,1,9,339,589,2302
4319703577,2016-04-15,5664,230,3.8,3.8,0,0,0,3.8,0,0,0,228,752,1985
4319703577,2016-04-16,4744,196,3.18,3.18,0,0,0,3.18,0,0,0,194,724,1884
4319703577,2016-04-17,29,5,0.02,0.02,0,0,0,0.02,0,0,0,3,1363,1464
4319703577,2016-04-18,2276,70,1.55,1.55,0,0.07,0.33,1.12,0,1,9,58,824,1632
4319703577,2016-04-19,8925,313,5.99,5.99,0,0,0,5.99,0,0,0,311,604,2200
4319703577,2016-04-20,8954,326,6.01,6.01,0,0,0.68,5.31,0,0,18,306,671,2220
4319703577,2016-04-21,3702,36,2.48,2.48,0,0,0,0.35,0,0,0,34,1265,1792
4319703577,2016-04-22,4500,198,3.02,3.02,0,0.06,0.81,2.15,0,1,19,176,709,1886
4319703577,2016-04-23,4935,235,3.31,3.31,0,0,0,3.31,0,0,0,233,546,1945
4319703577,2016-04-24,4081,199,2.74,2.74,0,0.06,0.2,2.47,0,1,5,191,692,1880
4319703577,2016-04-25,9259,400,6.21,6.21,0,0,0.28,5.93,0,0,8,390,544,2314
4319703577,2016-04-26,9899,319,6.64,6.64,0,0.57,0.92,5.15,0,8,21,288,649,2236
4319703577,2016-04-27,10780,355,7.23,7.23,0,0.41,1.92,4.91,0,6,47,300,680,2324
4319703577,2016-04-28,10817,382,7.28,7.28,0,1.01,0.33,5.94,0,13,8,359,552,2367
4319703577,2016-04-29,7990,315,5.36,5.36,0,0.45,0.79,4.12,0,6,18,289,624,2175
4319703577,2016-04-30,8221,242,5.52,5.52,0,0.4,1.61,3.51,0,6,38,196,695,2092
4319703577,2016-05-01,1251,69,0.84,0.84,0,0,0,0.84,0,0,0,67,836,1593
4319703577,2016-05-02,9261,357,6.24,6.24,0,0,0.44,5.71,0,0,11,344,585,2270
4319703577,2016-05-03,9648,323,6.47,6.47,0,0.58,1.07,4.83,0,8,26,287,669,2235
4319703577,2016-05-04,10429,336,7.02,7.02,0,0.59,0.58,5.85,0,8,13,313,1106,2282
4319703577,2016-05-05,13658,391,9.49,9.49,0,2.63,1.41,5.45,0,27,34,328,957,2530
4319703577,2016-05-06,9524,333,6.42,6.42,0,0.41,0.47,5.46,0,6,11,314,692,2266
4319703577,2016-05-07,7937,312,5.33,5.33,0,0.19,1.05,4.08,0,3,28,279,586,2158
4319703577,2016-05-08,3672,155,2.46,2.46,0,0,0,2.46,0,0,0,153,603,1792
4319703577,2016-05-09,10378,392,6.96,6.96,0,0.14,0.56,6.25,0,2,14,374,490,2345
4319703577,2016-05-10,9487,346,6.37,6.37,0,0.21,0.46,5.7,0,3,12,329,555,2260
4319703577,2016-05-11,9129,334,6.13,6.13,0,0.2,0.74,5.18,0,3,18,311,574,2232
4319703577,2016-05-12,17,4,0.01,0.01,0,0,0,0.01,0,0,0,2,0,257
4388161847,2016-04-12,10122,2,7.78,7.78,0,0,0,0,0,0,0,0,1440,2955
4388161847,2016-04-13,10993,167,8.45,8.45,0,0.06,0.63,3.88,0,1,14,150,1275,3092
4388161847,2016-04-14,8863,266,6.82,6.82,0,0.13,1.07,5.62,0,10,35,219,945,2998
4388161847,2016-04-15,8758,301,6.73,6.73,0,0,0,6.73,0,0,0,299,837,3066
4388161847,2016-04-16,6580,270,5.06,5.06,0,0.21,0.4,4.45,0,6,9,253,609,3073
4388161847,2016-04-17,4660,203,3.58,3.58,0,0,0,3.58,0,0,0,201,721,2572
4388161847,2016-04-18,11009,276,9.1,9.1,0,3.56,0.4,5.14,0,27,8,239,1017,3274
4388161847,2016-04-19,10181,287,7.83,7.83,0,1.37,0.69,5.77,0,20,16,249,704,3015
4388161847,2016-04-20,10553,291,8.12,8.12,0,1.1,1.72,5.29,0,19,42,228,696,3083
4388161847,2016-04-21,10055,293,7.73,7.73,0,0.37,0.39,6.98,0,7,12,272,853,3069
4388161847,2016-04-22,12139,324,9.34,9.34,0,3.3,1.11,4.92,0,77,25,220,945,3544
4388161847,2016-04-23,13236,280,10.18,10.18,0,4.5,0.32,5.35,0,58,5,215,749,3306
4388161847,2016-04-24,10243,263,7.88,7.88,0,1.08,0.51,6.3,0,14,8,239,584,2885
4388161847,2016-04-25,12961,345,9.97,9.97,0,0.73,1.4,7.84,0,11,31,301,1054,3288
4388161847,2016-04-26,9461,263,7.28,7.28,0,0.94,1.06,5.27,0,14,23,224,673,2929
4388161847,2016-04-27,11193,302,8.61,8.61,0,0.7,2.51,5.39,0,11,48,241,684,3074
4388161847,2016-04-28,10074,264,7.75,7.75,0,1.29,0.43,6.03,0,19,9,234,878,2969
4388161847,2016-04-29,9232,267,7.1,7.1,0,0.8,0.89,5.42,0,13,16,236,1175,2979
4388161847,2016-04-30,12533,359,9.64,9.64,0,0.7,2,6.94,0,14,43,300,537,3283
4388161847,2016-05-01,10255,270,7.89,7.89,0,1.01,0.68,6.2,0,12,15,241,579,2926
4388161847,2016-05-02,10096,243,8.4,8.4,0,3.77,0.08,4.55,0,33,4,204,935,3147
4388161847,2016-05-03,12727,344,9.79,9.79,0,1.13,0.78,7.88,0,18,18,306,984,3290
4388161847,2016-05-04,12375,309,9.52,9.52,0,2.79,0.93,5.8,0,35,21,251,632,3162
4388161847,2016-05-05,9603,252,7.38,7.38,0,0.63,1.67,5.09,0,12,39,199,896,2899
4388161847,2016-05-06,13175,342,10.13,10.13,0,2.11,2.09,5.93,0,33,45,262,1100,3425
4388161847,2016-05-07,22770,438,17.54,17.54,0,9.45,2.77,5.33,0,120,56,260,508,4022
4388161847,2016-05-08,17298,325,14.38,14.38,0,9.89,1.26,3.23,0,107,38,178,576,3934
4388161847,2016-05-09,10218,285,7.86,7.86,0,0.34,0.73,6.79,0,6,19,258,1020,3013
4388161847,2016-05-10,10299,296,7.92,7.92,0,0.81,0.65,6.46,0,13,14,267,648,3061
4388161847,2016-05-11,10201,284,7.84,7.84,0,0.53,0.79,6.53,0,8,18,256,858,2954
4388161847,2016-05-12,3369,110,2.59,2.59,0,0,0,2.59,0,0,0,108,825,1623
4445114986,2016-04-12,3276,198,2.2,2.2,0,0,0,2.2,0,0,0,196,787,2113
4445114986,2016-04-13,2961,196,1.99,1.99,0,0,0,1.99,0,0,0,194,840,2095
4445114986,2016-04-14,3974,233,2.67,2.67,0,0,0,2.67,0,0,0,231,717,2194
4445114986,2016-04-15,7198,352,4.83,4.83,0,0,0,4.83,0,0,0,350,711,2496
4445114986,2016-04-16,3945,227,2.65,2.65,0,0,0,2.65,0,0,0,225,716,2180
4445114986,2016-04-17,2268,116,1.52,1.52,0,0,0,1.52,0,0,0,114,1219,1933
4445114986,2016-04-18,6155,195,4.24,4.24,0,2,0.29,1.95,0,25,6,162,1247,2248
4445114986,2016-04-19,2064,123,1.39,1.39,0,0,0,1.39,0,0,0,121,895,1954
4445114986,2016-04-20,2072,139,1.39,1.39,0,0,0,1.39,0,0,0,137,841,1974
4445114986,2016-04-21,3809,217,2.56,2.56,0,0,0,2.54,0,0,0,215,756,2150
4445114986,2016-04-22,6831,319,4.58,4.58,0,0,0,4.58,0,0,0,317,706,2432
4445114986,2016-04-23,4363,203,2.93,2.93,0,0,0,2.93,0,0,0,201,1239,2149
4445114986,2016-04-24,5002,246,3.36,3.36,0,0,0,3.36,0,0,0,244,1196,2247
4445114986,2016-04-25,3385,181,2.27,2.27,0,0,0,2.27,0,0,0,179,916,2070
4445114986,2016-04-26,6326,212,4.41,4.41,0,2.41,0.04,1.96,0,29,1,180,839,2291
4445114986,2016-04-27,7243,229,5.03,5.03,0,2.62,0.03,2.38,0,32,1,194,839,2361
4445114986,2016-04-28,4493,238,3.01,3.01,0,0,0,3.01,0,0,0,236,762,2203
4445114986,2016-04-29,4676,228,3.14,3.14,0,0,0,3.13,0,0,0,226,1106,2196
4445114986,2016-04-30,6222,292,4.18,4.18,0,0,0,4.18,0,0,0,290,797,2363
4445114986,2016-05-01,5232,242,3.51,3.51,0,0,0,3.51,0,0,0,240,741,2246
4445114986,2016-05-02,6910,233,4.75,4.75,0,2.21,0.19,2.35,0,27,4,200,667,2336
4445114986,2016-05-03,7502,267,5.18,5.18,0,2.48,0.11,2.58,0,30,2,233,725,2421
4445114986,2016-05-04,2923,182,1.96,1.96,0,0,0,1.96,0,0,0,180,897,2070
4445114986,2016-05-05,3800,195,2.55,2.55,0,0.12,0.24,2.18,0,2,6,185,734,2120
4445114986,2016-05-06,4514,231,3.03,3.03,0,0,0,3.03,0,0,0,229,809,2211
4445114986,2016-05-07,5183,140,3.59,3.59,0,2.13,0.19,1.25,0,26,4,108,866,2123
4445114986,2016-05-08,7303,318,4.9,4.9,0,0,0.25,4.65,0,0,8,308,733,2423
4445114986,2016-05-09,5275,268,3.54,3.54,0,0,0,3.54,0,0,0,266,641,2281
4445114986,2016-05-10,3915,233,2.63,2.63,0,0,0,2.63,0,0,0,231,783,2181
4445114986,2016-05-11,9105,290,6.11,6.11,0,2.25,1,2.86,0,34,22,232,622,2499
4445114986,2016-05-12,768,60,0.52,0.52,0,0,0,0.52,0,0,0,58,380,1212
4558609924,2016-04-12,5135,320,3.39,3.39,0,0,0,3.39,0,0,0,318,1122,1909
4558609924,2016-04-13,4978,155,3.29,3.29,0,1.24,0.44,1.61,0,19,7,127,1287,1722
4558609924,2016-04-14,6799,281,4.49,4.49,0,0,0,4.49,0,0,0,279,1161,1922
4558609924,2016-04-15,7795,311,5.15,5.15,0,0.59,0.84,3.73,0,17,30,262,1131,2121
4558609924,2016-04-16,7289,330,4.82,4.82,0,0.55,0.75,3.5,0,8,12,308,1112,1997
4558609924,2016-04-17,9634,332,6.4,6.4,0,0.55,1.14,4.71,0,7,19,304,1110,2117
4558609924,2016-04-18,8940,362,5.91,5.91,0,0.98,0.93,4,0,14,15,331,1080,2116
4558609924,2016-04-19,5401,260,3.57,3.57,0,0.05,0.36,3.16,0,1,9,248,1182,1876
4558609924,2016-04-20,4803,224,3.17,3.17,0,0,0,3.17,0,0,0,222,1218,1788
4558609924,2016-04-21,13743,461,9.08,9.08,0,0.42,0.97,7.7,0,6,21,432,844,2486
4558609924,2016-04-22,9601,320,6.35,6.35,0,1.37,1.5,3.47,0,20,25,273,1122,2094
4558609924,2016-04-23,6890,320,4.55,4.55,0,0.34,0.2,4.01,0,5,5,308,1122,2085
4558609924,2016-04-24,8563,397,5.66,5.66,0,0,0,5.65,0,0,0,395,1045,2173
4558609924,2016-04-25,8095,370,5.35,5.35,0,0.59,0.25,4.51,0,18,10,340,993,2225
4558609924,2016-04-26,9148,338,6.05,6.05,0,0.43,2.03,3.59,0,12,41,283,1062,2223
4558609924,2016-04-27,9557,355,6.32,6.32,0,1.96,0.89,3.46,0,27,14,312,1087,2098
4558609924,2016-04-28,9451,381,6.25,6.25,0,0.02,0.27,5.95,0,1,11,367,985,2185
4558609924,2016-04-29,7833,243,5.18,5.18,0,1.02,1.85,2.31,0,15,29,197,1096,1918
4558609924,2016-04-30,10319,331,6.82,6.82,0,0.47,1.89,4.46,0,7,29,293,1111,2105
4558609924,2016-05-01,3428,192,2.27,2.27,0,0,0,2.27,0,0,0,190,1121,1692
4558609924,2016-05-02,7891,385,5.22,5.22,0,0,0,5.22,0,0,0,383,1057,2066
4558609924,2016-05-03,5267,270,3.48,3.48,0,0.6,0.28,2.6,0,21,10,237,1172,1953
4558609924,2016-05-04,5232,254,3.46,3.46,0,0,0,3.46,0,0,0,252,1188,1842
4558609924,2016-05-05,10611,394,7.01,7.01,0,1.01,0.5,5.51,0,14,8,370,1048,2262
4558609924,2016-05-06,3755,204,2.48,2.48,0,0,0,2.48,0,0,0,202,1238,1722
4558609924,2016-05-07,8237,274,5.44,5.44,0,1.61,1,2.83,0,23,16,233,1116,1973
4558609924,2016-05-08,6543,341,4.33,4.33,0,1.8,0.5,2.02,0,66,35,238,1019,2666
4558609924,2016-05-09,11451,377,7.57,7.57,0,0.43,1.62,5.52,0,6,30,339,1065,2223
4558609924,2016-05-10,6435,251,4.25,4.25,0,0.74,1.12,2.39,0,11,18,220,1191,1889
4558609924,2016-05-11,9108,361,6.02,6.02,0,0.26,1.82,3.94,0,4,31,324,1081,2131
4558609924,2016-05-12,6307,249,4.17,4.17,0,0,0,4.17,0,0,0,247,736,1452
4702921684,2016-04-12,7213,265,5.88,5.88,0,0,0,5.85,0,0,0,263,718,2947
4702921684,2016-04-13,6877,260,5.58,5.58,0,0,0,5.58,0,0,0,258,777,2898
4702921684,2016-04-14,7860,273,6.37,6.37,0,0,0,6.37,0,0,0,271,772,2984
4702921684,2016-04-15,6506,267,5.28,5.28,0,0.07,0.42,4.79,0,1,8,256,944,2896
4702921684,2016-04-16,11140,364,9.03,9.03,0,0.24,1.25,7.54,0,3,24,335,556,3328
4702921684,2016-04-17,12692,382,10.29,10.29,0,0.96,3.46,5.88,0,12,66,302,437,3394
4702921684,2016-04-18,9105,245,7.38,7.38,0,1.82,1.49,4.07,0,22,30,191,890,3013
4702921684,2016-04-19,6708,199,5.44,5.44,0,0.88,0.37,4.19,0,10,8,179,757,2812
4702921684,2016-04-20,8793,293,7.13,7.13,0,0.16,1.23,5.73,0,2,29,260,717,3061
4702921684,2016-04-21,6530,191,5.3,5.3,0,0.31,2.05,2.94,0,4,41,144,901,2729
4702921684,2016-04-22,1664,74,1.35,1.35,0,0,0,1.35,0,0,0,72,1341,2241
4702921684,2016-04-23,15126,485,12.27,12.27,0,0.76,3.24,8.27,0,9,66,408,469,3691
4702921684,2016-04-24,15050,393,12.22,12.22,0,1.2,5.12,5.88,0,15,95,281,542,3538
4702921684,2016-04-25,9167,293,7.43,7.43,0,0.49,0.82,6.11,0,6,15,270,730,3064
4702921684,2016-04-26,6108,227,4.95,4.95,0,0.07,0.35,4.54,0,1,8,216,765,2784
4702921684,2016-04-27,7047,257,5.72,5.72,0,0.09,0.8,4.78,0,1,16,238,733,2908
4702921684,2016-04-28,9023,257,7.32,7.32,0,1.13,0.42,5.77,0,14,9,232,738,3033
4702921684,2016-04-29,9930,300,8.05,8.05,0,1.06,0.92,6.07,0,12,19,267,692,3165
4702921684,2016-04-30,10144,305,8.23,8.23,0,0.32,2.03,5.88,0,4,36,263,728,3115
4702921684,2016-05-01,0,2,0,0,0,0,0,0,0,0,0,0,1440,2017
4702921684,2016-05-02,7245,242,5.92,5.92,0,0.38,1.74,3.76,0,5,40,195,1131,2859
4702921684,2016-05-03,9454,315,7.67,7.67,0,0,0,7.67,0,0,0,313,729,3145
4702921684,2016-05-04,8161,272,6.62,6.62,0,0.34,0.73,5.54,0,4,15,251,757,3004
4702921684,2016-05-05,8614,256,6.99,6.99,0,0.67,0.22,6.09,0,8,5,241,745,3006
4702921684,2016-05-06,6943,226,5.63,5.63,0,0.08,0.66,4.87,0,1,16,207,682,2859
4702921684,2016-05-07,14370,492,11.65,11.65,0,0.37,2.31,8.97,0,5,46,439,577,3683
4702921684,2016-05-08,12857,328,10.43,10.43,0,0.68,6.21,3.54,0,9,125,192,1019,3287
4702921684,2016-05-09,8232,267,6.68,6.68,0,0,0.57,6.1,0,0,12,253,746,2990
4702921684,2016-05-10,10613,302,8.61,8.61,0,0.08,1.88,6.65,0,1,37,262,701,3172
4702921684,2016-05-11,9810,288,7.96,7.96,0,0.78,2.16,4.98,0,10,41,235,784,3069
4702921684,2016-05-12,2752,70,2.23,2.23,0,0,0,2.23,0,0,0,68,241,1240
5553957443,2016-04-12,11596,311,7.57,7.57,0,1.37,0.79,5.41,0,19,13,277,767,2026
5553957443,2016-04-13,4832,228,3.16,3.16,0,0,0,3.16,0,0,0,226,647,1718
5553957443,2016-04-14,17022,360,11.12,11.12,0,4,2.45,4.67,0,61,41,256,693,2324
5553957443,2016-04-15,16556,337,10.86,10.86,0,4.16,1.98,4.71,0,58,38,239,689,2254
5553957443,2016-04-16,5771,290,3.77,3.77,0,0,0,3.77,0,0,0,288,521,1831
5553957443,2016-04-17,655,48,0.43,0.43,0,0,0,0.43,0,0,0,46,943,1397
5553957443,2016-04-18,3727,208,2.43,2.43,0,0,0,2.43,0,0,0,206,622,1683
5553957443,2016-04-19,15482,348,10.11,10.11,0,4.28,1.66,4.18,0,69,28,249,756,2284
5553957443,2016-04-20,2713,150,1.77,1.77,0,0,0,1.77,0,0,0,148,598,1570
5553957443,2016-04-21,12346,268,8.06,8.06,0,2.95,2.16,2.96,0,47,42,177,801,2066
5553957443,2016-04-22,11682,313,7.63,7.63,0,1.38,0.63,5.6,0,25,16,270,781,2105
5553957443,2016-04-23,4112,274,2.69,2.69,0,0,0,2.68,0,0,0,272,443,1776
5553957443,2016-04-24,1807,106,1.18,1.18,0,0,0,1.18,0,0,0,104,582,1507
5553957443,2016-04-25,10946,265,7.19,7.19,0,2.93,0.57,3.69,0,51,11,201,732,2033
5553957443,2016-04-26,11886,298,7.76,7.76,0,2.37,0.93,4.46,0,40,18,238,750,2093
5553957443,2016-04-27,10538,240,6.88,6.88,0,1.14,1,4.74,0,16,16,206,745,1922
5553957443,2016-04-28,11393,229,7.63,7.63,0,3.71,0.75,3.17,0,49,13,165,727,1999
5553957443,2016-04-29,12764,333,8.33,8.33,0,2.79,0.64,4.91,0,46,15,270,709,2169
5553957443,2016-04-30,1202,86,0.78,0.78,0,0,0,0.78,0,0,0,84,506,1463
5553957443,2016-05-01,5164,239,3.37,3.37,0,0,0,3.37,0,0,0,237,436,1747
5553957443,2016-05-02,9769,261,6.38,6.38,0,1.06,0.41,4.9,0,23,9,227,724,1996
5553957443,2016-05-03,12848,304,8.39,8.39,0,1.5,1.2,5.68,0,26,29,247,812,2116
5553957443,2016-05-04,4249,226,2.77,2.77,0,0,0,2.77,0,0,0,224,651,1698
5553957443,2016-05-05,14331,316,9.51,9.51,0,3.43,1.66,4.43,0,44,29,241,692,2156
5553957443,2016-05-06,9632,261,6.29,6.29,0,1.52,0.54,4.23,0,21,9,229,761,1916
5553957443,2016-05-07,1868,98,1.22,1.22,0,0,0,1.22,0,0,0,96,902,1494
5553957443,2016-05-08,6083,223,4,4,0,0.22,0.47,3.3,0,3,8,210,505,1762
5553957443,2016-05-09,11611,334,7.58,7.58,0,2.13,0.89,4.56,0,59,22,251,667,2272
5553957443,2016-05-10,16358,368,10.71,10.71,0,3.87,1.61,5.2,0,61,40,265,707,2335
5553957443,2016-05-11,4926,197,3.22,3.22,0,0,0,3.22,0,0,0,195,628,1693
5553957443,2016-05-12,3121,64,2.04,2.04,0,0.58,0.4,1.06,0,8,6,48,222,741
5577150313,2016-04-12,8135,244,6.08,6.08,0,3.6,0.38,2.1,0,86,16,140,728,3405
5577150313,2016-04-13,5077,172,3.79,3.79,0,0.32,0.22,3.25,0,15,11,144,776,2551
5577150313,2016-04-14,8596,326,6.42,6.42,0,3.33,0.31,2.78,0,118,30,176,662,4022
5577150313,2016-04-15,12087,370,9.08,9.08,0,3.92,1.6,3.56,0,115,54,199,695,4005
5577150313,2016-04-16,14269,400,10.66,10.66,0,6.64,1.28,2.73,0,184,56,158,472,4274
5577150313,2016-04-17,12231,398,9.14,9.14,0,5.98,0.83,2.32,0,200,37,159,525,4552
5577150313,2016-04-18,9893,278,7.39,7.39,0,4.86,0.72,1.82,0,114,32,130,623,3625
5577150313,2016-04-19,12574,244,9.42,9.42,0,7.02,0.64,1.76,0,108,23,111,733,3501
5577150313,2016-04-20,8330,218,6.22,6.22,0,4.12,0.34,1.76,0,87,16,113,773,3192
5577150313,2016-04-21,10830,361,8.09,8.09,0,3.65,1.66,2.78,0,110,74,175,670,4018
5577150313,2016-04-22,9172,294,6.85,6.85,0,2.42,0.79,3.3,0,62,30,200,823,3329
5577150313,2016-04-23,7638,273,5.71,5.71,0,1.21,0.36,4.14,0,24,24,223,627,3152
5577150313,2016-04-24,15764,418,11.78,11.78,0,7.65,2.15,1.98,0,210,65,141,425,4392
5577150313,2016-04-25,6393,315,4.78,4.78,0,1.35,0.67,2.76,0,61,38,214,743,3374
5577150313,2016-04-26,5325,253,3.98,3.98,0,0.85,0.65,2.47,0,38,32,181,759,3088
5577150313,2016-04-27,6805,271,5.14,5.14,0,1.81,0.4,2.93,0,63,16,190,773,3294
5577150313,2016-04-28,9841,293,7.43,7.43,0,3.25,1.17,3.01,0,99,51,141,692,3580
5577150313,2016-04-29,7924,300,5.92,5.92,0,2.84,0.61,2.47,0,97,36,165,739,3544
5577150313,2016-04-30,12363,417,9.24,9.24,0,5.83,0.79,2.61,0,207,45,163,621,4501
5577150313,2016-05-01,13368,446,9.99,9.99,0,5.31,1.44,3.24,0,194,72,178,499,4546
5577150313,2016-05-02,7439,294,5.56,5.56,0,1.12,0.35,4.07,0,37,20,235,732,3014
5577150313,2016-05-03,11045,319,8.25,8.25,0,4.52,0.15,3.57,0,97,8,212,580,3795
5577150313,2016-05-04,5206,177,3.89,3.89,0,1.56,0.25,2.08,0,25,9,141,631,2755
5577150313,2016-05-05,7550,211,5.64,5.64,0,2.5,0.47,2.67,0,45,21,143,1153,3004
5577150313,2016-05-06,4950,138,3.7,3.7,0,1.93,0.32,1.45,0,41,16,79,1304,2643
5577150313,2016-05-07,0,2,0,0,0,0,0,0,0,0,0,0,1440,1819
5577150313,2016-05-08,0,2,0,0,0,0,0,0,0,0,0,0,1440,1819
5577150313,2016-05-09,3421,117,2.56,2.56,0,1.43,0.14,0.99,0,34,11,70,1099,2489
5577150313,2016-05-10,8869,337,6.65,6.65,0,2.56,0.75,3.35,0,104,37,194,639,3841
5577150313,2016-05-11,4038,125,3.04,3.04,0,1.83,0.3,0.89,0,45,15,63,257,1665
6117666160,2016-04-12,0,2,0,0,0,0,0,0,0,0,0,0,1440,1496
6117666160,2016-04-13,0,2,0,0,0,0,0,0,0,0,0,0,1440,1496
6117666160,2016-04-14,0,2,0,0,0,0,0,0,0,0,0,0,1440,1496
6117666160,2016-04-15,14019,521,10.59,10.59,0,0,0.28,10.3,0,0,6,513,921,2865
6117666160,2016-04-16,14450,542,10.91,10.91,0,0.58,0.85,9.48,0,7,15,518,502,2828
6117666160,2016-04-17,7150,314,5.4,5.4,0,0,0,5.4,0,0,0,312,702,2225
6117666160,2016-04-18,5153,243,3.91,3.91,0,0,0,3.89,0,0,0,241,759,2018
6117666160,2016-04-19,11135,482,8.41,8.41,0,0,0,8.41,0,0,0,480,425,2606
6117666160,2016-04-20,10449,387,8.02,8.02,0,2.03,0.48,5.52,0,26,10,349,587,2536
6117666160,2016-04-21,19542,326,15.01,15.01,0,0.98,0.4,5.62,0,11,19,294,579,4900
6117666160,2016-04-22,8206,404,6.2,6.2,0,0,0,6.2,0,0,0,402,413,2409
6117666160,2016-04-23,11495,514,8.68,8.68,0,0,0,8.68,0,0,0,512,468,2651
6117666160,2016-04-24,7623,364,5.76,5.76,0,0,0,5.76,0,0,0,362,711,2305
6117666160,2016-04-25,0,2,0,0,0,0,0,0,0,0,0,0,1440,1497
6117666160,2016-04-26,9543,361,7.21,7.21,0,0,0.34,6.87,0,0,7,352,1077,2450
6117666160,2016-04-27,9411,460,7.11,7.11,0,0,0,7.11,0,0,0,458,417,2576
6117666160,2016-04-28,3403,143,2.6,2.6,0,0,0,2.6,0,0,0,141,758,1879
6117666160,2016-04-29,9592,463,7.24,7.24,0,0,0,7.24,0,0,0,461,479,2560
6117666160,2016-04-30,6987,345,5.28,5.28,0,0,0,5.28,0,0,0,343,1040,2275
6117666160,2016-05-01,8915,399,6.73,6.73,0,0,0,6.73,0,0,0,397,525,2361
6117666160,2016-05-02,4933,238,3.73,3.73,0,0,0,3.73,0,0,0,236,1204,2044
6117666160,2016-05-03,0,2,0,0,0,0,0,0,0,0,0,0,1440,1496
6117666160,2016-05-04,2997,158,2.26,2.26,0,0,0,2.26,0,0,0,156,1279,1902
6117666160,2016-05-05,9799,489,7.4,7.4,0,0,0,7.4,0,0,0,487,479,2636
6117666160,2016-05-06,3365,135,2.68,2.68,0,0,0,2.68,0,0,0,133,673,1838
6117666160,2016-05-07,7336,414,5.54,5.54,0,0,0,5.54,0,0,0,412,456,2469
6117666160,2016-05-08,7328,320,5.53,5.53,0,0,0,5.53,0,0,0,318,517,2250
6117666160,2016-05-09,4477,199,3.38,3.38,0,0,0,3.38,0,0,0,197,125,1248
6290855005,2016-04-12,4562,201,3.45,3.45,0,0,0,3.45,0,0,0,199,1241,2560
6290855005,2016-04-13,7142,352,5.4,5.4,0,0,0,5.39,0.01,0,0,350,1090,2905
6290855005,2016-04-14,7671,365,5.8,5.8,0,0,0,5.77,0.029999999,0,0,363,1077,2952
6290855005,2016-04-15,9501,330,7.18,7.18,0,0,0,7.17,0.01,0,0,328,1112,2896
6290855005,2016-04-16,8301,260,6.28,6.28,0,0,0,6.27,0.01,0,0,258,1182,2783
6290855005,2016-04-17,7851,270,5.94,5.94,0,1.14,0.79,4,0,31,12,225,1172,3171
6290855005,2016-04-18,6885,273,5.21,5.21,0,0,0,5.19,0.02,0,0,271,1169,2766
6290855005,2016-04-19,7142,323,5.4,5.4,0,0,0,5.39,0.01,0,0,321,1119,2839
6290855005,2016-04-20,6361,260,4.81,4.81,0,0,0,4.8,0.01,0,0,258,1182,2701
6290855005,2016-04-21,0,2,0,0,0,0,0,0,0,0,0,0,1440,2060
6290855005,2016-04-22,6238,304,4.72,4.72,0,0,0,4.72,0,0,0,302,1138,2796
6290855005,2016-04-23,0,35,0,0,0,0,0,0,0,33,0,0,1407,2664
6290855005,2016-04-24,5896,260,4.46,4.46,0,0,0,4.46,0,0,0,258,1182,2703
6290855005,2016-04-25,7802,262,5.9,5.9,0,0.68,0.18,5.03,0.01,8,3,249,1180,2771
6290855005,2016-04-26,0,2,0,0,0,0,0,0,0,0,0,0,1440,2060
6290855005,2016-04-27,5565,289,4.21,4.21,0,0,0,4.18,0.029999999,0,0,287,1153,2743
6290855005,2016-04-28,5731,257,4.33,4.33,0,0,0,4.33,0,0,0,255,1185,2687
6290855005,2016-04-29,0,2,0,0,0,0,0,0,0,0,0,0,1440,2060
6290855005,2016-04-30,6744,326,5.1,5.1,0,0,0,5.09,0.01,0,0,324,1116,2843
6290855005,2016-05-01,9837,387,7.44,7.44,0,0.66,2.75,4,0.02,8,95,282,1055,3327
6290855005,2016-05-02,6781,270,5.13,5.13,0,0,0,5.11,0.02,0,0,268,1172,2725
6290855005,2016-05-03,6047,242,4.57,4.57,0,0,0,4.57,0,0,0,240,1200,2671
6290855005,2016-05-04,5832,274,4.41,4.41,0,0,0,4.4,0.01,0,0,272,1168,2718
6290855005,2016-05-05,6339,241,4.79,4.79,0,0,0,4.79,0,0,0,239,1201,2682
6290855005,2016-05-06,6116,307,4.62,4.62,0,0,0,4.59,0.029999999,0,0,305,1135,2806
6290855005,2016-05-07,5510,229,4.17,4.17,0,0,0,4.16,0,0,0,227,1213,2613
6290855005,2016-05-08,7706,253,5.83,5.83,0,0,0,5.82,0,0,0,251,1189,2712
6290855005,2016-05-09,6277,266,4.75,4.75,0,0,0,4.73,0.02,0,0,264,800,2175
6290855005,2016-05-10,0,2,0,0,0,0,0,0,0,0,0,0,1440,0
6775888955,2016-04-12,0,2,0,0,0,0,0,0,0,0,0,0,1440,1841
6775888955,2016-04-13,4053,122,2.91,2.91,0,1.11,0.58,1.22,0,17,18,85,1053,2400
6775888955,2016-04-14,5162,145,3.7,3.7,0,0.87,0.86,1.97,0,14,24,105,863,2507
6775888955,2016-04-15,1282,60,0.92,0.92,0,0,0,0.92,0,0,0,58,976,2127
6775888955,2016-04-16,4732,65,3.39,3.39,0,2.52,0.81,0.06,0,36,18,9,1377,2225
6775888955,2016-04-17,2497,50,1.79,1.79,0,0.35,1.13,0.31,0,5,24,19,1392,2067
6775888955,2016-04-18,8294,209,5.95,5.95,0,2,0.77,3.17,0,30,31,146,1233,2798
6775888955,2016-04-19,0,2,0,0,0,0,0,0,0,0,0,0,1440,1841
6775888955,2016-04-20,10771,363,7.72,7.72,0,3.77,1.74,2.22,0,70,113,178,1079,3727
6775888955,2016-04-21,0,2,0,0,0,0,0,0,0,0,0,0,1440,1841
6775888955,2016-04-22,637,22,0.46,0.46,0,0,0,0.46,0,0,0,20,1420,1922
6775888955,2016-04-23,0,2,0,0,0,0,0,0,0,0,0,0,1440,1841
6775888955,2016-04-24,2153,42,1.54,1.54,0,0.77,0.62,0.15,0,11,18,11,1400,2053
6775888955,2016-04-25,6474,140,4.64,4.64,0,2.27,0.46,1.9,0,33,13,92,1302,2484
6775888955,2016-04-26,7091,121,5.27,5.27,1.96,3.48,0.87,0.73,0,42,30,47,1321,2584
6775888955,2016-04-27,0,2,0,0,0,0,0,0,0,0,0,0,1440,1841
6775888955,2016-04-28,703,32,0.5,0.5,0,0.06,0.2,0.24,0,2,13,15,1410,1993
6775888955,2016-04-29,0,2,0,0,0,0,0,0,0,0,0,0,1440,1841
6775888955,2016-04-30,2503,98,1.79,1.79,0,0.16,0.16,1.48,0,3,9,84,1344,2280
6775888955,2016-05-01,2487,95,1.78,1.78,0,0.48,0.62,0.68,0,9,34,50,1347,2319
6775888955,2016-05-02,0,2,0,0,0,0,0,0,0,0,0,0,1440,1841
6775888955,2016-05-03,9,3,0.01,0.01,0,0,0,0.01,0,0,0,1,1439,1843
6775888955,2016-05-04,0,2,0,0,0,0,0,0,0,0,0,0,1440,1841
6775888955,2016-05-05,0,2,0,0,0,0,0,0,0,0,0,0,1440,1841
6775888955,2016-05-06,4697,124,3.37,3.37,0,0.47,0.93,1.93,0,12,35,75,1318,2496
6775888955,2016-05-07,1967,58,1.41,1.41,0,0.13,0.24,1.05,0,2,5,49,551,1032
6962181067,2016-04-12,10199,255,6.74,6.74,0,3.4,0.83,2.51,0,50,14,189,796,1994
6962181067,2016-04-13,5652,176,3.74,3.74,0,0.57,1.21,1.96,0,8,24,142,548,1718
6962181067,2016-04-14,1551,88,1.03,1.03,0,0,0,1.03,0,0,0,86,862,1466
6962181067,2016-04-15,5563,219,3.68,3.68,0,0,0,3.68,0,0,0,217,837,1756
6962181067,2016-04-16,13217,335,8.74,8.74,0,3.66,0.19,4.88,0,50,3,280,741,2173
6962181067,2016-04-17,10145,315,6.71,6.71,0,0.33,0.68,5.69,0,5,13,295,634,2027
6962181067,2016-04-18,11404,295,7.54,7.54,0,0.83,2.39,4.32,0,13,42,238,689,2039
6962181067,2016-04-19,10742,273,7.1,7.1,0,2.1,2.13,2.87,0,35,41,195,659,2046
6962181067,2016-04-20,13928,351,9.55,9.55,0,4.28,0.19,5.09,0,48,4,297,639,2174
6962181067,2016-04-21,11835,296,9.71,7.88,4.08,3.99,2.1,3.51,0.109999999,53,27,214,708,2179
6962181067,2016-04-22,10725,305,7.09,7.09,0,1.77,1.55,3.77,0,30,33,240,659,2086
6962181067,2016-04-23,20031,448,13.24,13.24,0,4.2,2,7.04,0,58,41,347,484,2571
6962181067,2016-04-24,5029,201,3.32,3.32,0,0,0,3.32,0,0,0,199,720,1705
6962181067,2016-04-25,13239,350,9.27,9.08,2.79,3.02,1.68,4.46,0.100000001,35,31,282,637,2194
6962181067,2016-04-26,10433,299,6.9,6.9,0,2.58,0.42,3.9,0,36,7,254,680,2012
6962181067,2016-04-27,10320,326,6.82,6.82,0,0.55,2.02,4.25,0,7,38,279,697,2034
6962181067,2016-04-28,12627,336,8.35,8.35,0,2.51,0.24,5.59,0,38,8,288,621,2182
6962181067,2016-04-29,10762,398,7.11,7.11,0,0.82,0.48,5.81,0,12,15,369,645,2254
6962181067,2016-04-30,10081,287,6.66,6.66,0,2.24,0.76,3.67,0,32,16,237,731,2002
6962181067,2016-05-01,5454,217,3.61,3.61,0,0,0,3.61,0,0,0,215,722,1740
6962181067,2016-05-02,12912,372,8.54,8.54,0,1.2,2,5.34,0,18,39,313,655,2162
6962181067,2016-05-03,12109,326,8.12,8.12,0,1.74,2.04,4.33,0,21,36,267,654,2072
6962181067,2016-05-04,10147,337,6.71,6.71,0,0.47,1.68,4.55,0,15,36,284,683,2086
6962181067,2016-05-05,10524,343,6.96,6.96,0,0.99,1.16,4.81,0,14,22,305,591,2066
6962181067,2016-05-06,5908,301,3.91,3.91,0,0,0,3.91,0,0,0,299,717,1850
6962181067,2016-05-07,6815,330,4.5,4.5,0,0,0,4.5,0,0,0,328,745,1947
6962181067,2016-05-08,4188,167,2.77,2.77,0,0,0.52,2.25,0,0,14,151,709,1659
6962181067,2016-05-09,12342,297,8.72,8.68,3.17,3.9,1.18,3.65,0,43,21,231,607,2105
6962181067,2016-05-10,15448,373,10.21,10.21,0,3.47,1.75,4.99,0,62,34,275,626,2361
6962181067,2016-05-11,6722,232,4.44,4.44,0,1.49,0.31,2.65,0,24,7,199,709,1855
6962181067,2016-05-12,3587,115,2.37,2.37,0,0,0.25,2.11,0,0,8,105,127,928
7007744171,2016-04-12,14172,418,10.29,9.48,4.87,4.5,0.38,5.41,0,53,8,355,1024,2937
7007744171,2016-04-13,12862,341,9.65,8.6,4.85,4.61,0.56,4.48,0,56,22,261,1101,2742
7007744171,2016-04-14,11179,346,8.24,7.48,3.29,2.95,0.34,4.96,0,34,6,304,1096,2668
7007744171,2016-04-15,5273,204,3.53,3.53,0,0,0,3.53,0,0,0,202,1238,2098
7007744171,2016-04-16,4631,205,3.1,3.1,0,0,0,3.1,0,0,0,203,1155,2076
7007744171,2016-04-17,8059,307,5.39,5.39,0,0,0,5.39,0,0,0,305,1135,2383
7007744171,2016-04-18,14816,365,10.98,9.91,4.93,3.79,2.12,5.05,0.02,48,31,284,1077,2832
7007744171,2016-04-19,14194,376,10.48,9.5,4.94,4.41,0.76,5.31,0,53,17,304,1066,2812
7007744171,2016-04-20,15566,442,11.31,10.41,4.92,4.79,0.67,5.86,0,60,33,347,1000,3096
7007744171,2016-04-21,13744,393,9.19,9.19,0,2.15,1.87,5.17,0,30,34,327,1049,2763
7007744171,2016-04-22,15299,377,10.24,10.24,0,4.1,1.76,4.37,0,64,50,261,1065,2889
7007744171,2016-04-23,8093,252,5.41,5.41,0,0.13,1.13,4.15,0,2,25,223,1190,2284
7007744171,2016-04-24,11085,421,7.42,7.42,0,0,0,7.42,0,0,0,419,1021,2667
7007744171,2016-04-25,18229,456,13.34,12.2,4.86,4.31,1.37,7.67,0,51,24,379,986,3055
7007744171,2016-04-26,15090,464,10.1,10.1,0,0.93,0.94,8.23,0,16,22,424,978,2939
7007744171,2016-04-27,13541,401,10.22,9.06,4.89,4.27,0.66,5.29,0,50,12,337,1041,2830
7007744171,2016-04-28,15128,435,10.12,10.12,0,1.09,0.77,8.26,0,16,16,401,1007,2836
7007744171,2016-04-29,20067,481,14.3,13.42,4.91,4.31,2.05,7.95,0,55,42,382,961,3180
7007744171,2016-04-30,3761,202,2.52,2.52,0,0,0,2.52,0,0,0,200,1240,2051
7007744171,2016-05-01,5600,239,3.75,3.75,0,0,0,3.75,0,0,0,237,1142,2225
7007744171,2016-05-02,13041,330,9.18,8.72,2.83,4.64,0.7,3.83,0,64,14,250,1112,2642
7007744171,2016-05-03,14510,421,10.87,9.71,4.91,4.48,1.02,5.36,0,58,31,330,1021,2976
7007744171,2016-05-04,0,2,0,0,0,0,0,0,0,0,0,0,1440,1557
7007744171,2016-05-05,15010,395,11.1,10.04,4.88,4.33,1.29,5.48,0,53,23,317,1047,2933
7007744171,2016-05-06,11459,306,7.67,7.67,0,3,0.81,3.86,0,44,13,247,1136,2553
7007744171,2016-05-07,0,2,0,0,0,0,0,0,0,0,0,0,111,120
7086361926,2016-04-12,11317,220,8.41,8.41,0,5.27,0.15,2.97,0,59,6,153,745,2772
7086361926,2016-04-13,5813,214,3.62,3.62,0,0.56,0.21,2.84,0,31,26,155,744,2516
7086361926,2016-04-14,9123,258,6.12,6.12,0,2.03,0.33,3.66,0,35,32,189,787,2734
7086361926,2016-04-15,8585,192,5.67,5.67,0,2.04,1.11,2.53,0,30,21,139,864,2395
7086361926,2016-04-16,31,5,0.01,0.01,0,0,0,0.01,0,0,0,3,1437,1635
7086361926,2016-04-17,0,2,0,0,0,0,0,0,0,0,0,0,1440,1629
7086361926,2016-04-18,9827,228,6.71,6.71,0,3.17,1.22,2.31,0,61,51,114,1136,2743
7086361926,2016-04-19,10688,262,7.29,7.29,0,3.53,1.23,2.51,0,67,69,124,671,2944
7086361926,2016-04-20,14365,247,10.64,10.64,0,7.64,0.45,2.54,0,87,13,145,797,2997
7086361926,2016-04-21,9469,233,6.18,6.18,0,1.36,0.3,4.51,0,19,6,206,758,2463
7086361926,2016-04-22,9753,272,6.53,6.53,0,2.87,0.97,2.67,0,58,59,153,762,2846
7086361926,2016-04-23,2817,92,1.81,1.81,0,0,0,1.8,0,0,0,90,1350,1965
7086361926,2016-04-24,3520,127,2.16,2.16,0,0,0,2.15,0,0,0,125,566,2049
7086361926,2016-04-25,10091,239,6.82,6.82,0,3.75,0.7,2.37,0,69,39,129,706,2752
7086361926,2016-04-26,10387,237,7.07,7.07,0,4.16,0.77,2.12,0,70,33,132,726,2781
7086361926,2016-04-27,11107,208,8.34,8.34,0,5.63,0.18,2.53,0,55,6,145,829,2693
7086361926,2016-04-28,11584,265,7.8,7.8,0,2.79,1.64,3.36,0,54,48,161,810,2862
7086361926,2016-04-29,7881,244,4.95,4.95,0,0.49,0.45,4,0,24,36,182,1198,2616
7086361926,2016-04-30,14560,369,9.41,9.41,0,3.12,1.04,5.24,0,42,17,308,584,2995
7086361926,2016-05-01,12390,305,8.07,8.07,0,2.3,0.9,4.85,0,30,15,258,685,2730
7086361926,2016-05-02,10052,233,6.81,6.81,0,3.48,0.66,2.66,0,66,26,139,737,2754
7086361926,2016-05-03,10288,247,6.76,6.76,0,2.74,0.85,3.16,0,57,36,152,761,2754
7086361926,2016-05-04,10988,194,8.31,8.31,0,5.28,0.12,2.9,0,45,12,135,843,2655
7086361926,2016-05-05,8564,189,5.6,5.6,0,1.78,0.83,2.95,0,24,14,149,1253,2386
7086361926,2016-05-06,12461,275,8.38,8.38,0,3.82,1.43,3.12,0,84,35,154,834,2924
7086361926,2016-05-07,12827,273,8.48,8.48,0,1.46,2.33,4.68,0,20,42,209,621,2739
7086361926,2016-05-08,10677,208,7.1,7.1,0,2.31,1.53,3.25,0,32,27,147,695,2534
7086361926,2016-05-09,13566,290,9.11,9.11,0,4.26,1.71,3.12,0,67,50,171,743,2960
7086361926,2016-05-10,14433,203,10.79,10.79,0,7.11,1.2,2.45,0,72,23,106,1182,2800
7086361926,2016-05-11,9572,227,6.52,6.52,0,2.89,1.39,2.23,0,57,40,128,757,2735
7086361926,2016-05-12,3789,69,2.56,2.56,0,0.38,0.27,1.89,0,5,4,58,343,1199
8053475328,2016-04-12,18060,249,14.12,14.12,0,11.64,0.39,2.1,0,116,8,123,1193,3186
8053475328,2016-04-13,16433,265,13.35,13.35,0,10.43,0.47,2.45,0,95,12,156,1177,3140
8053475328,2016-04-14,20159,319,15.97,15.97,0,12.34,0.21,3.36,0,119,5,193,1123,3411
8053475328,2016-04-15,20669,300,16.24,16.24,0,13.26,0.39,2.59,0,132,8,158,1142,3410
8053475328,2016-04-16,14549,187,11.11,11.11,0,9.36,0.27,1.49,0,96,6,83,1255,2867
8053475328,2016-04-17,18827,329,13.69,13.69,0,9.24,0.8,3.64,0,111,21,195,1113,3213
8053475328,2016-04-18,17076,305,12.66,12.66,0,9.08,0.23,3.35,0,102,6,195,1137,3133
8053475328,2016-04-19,15929,290,12.48,12.48,0,9.22,0.31,2.95,0,90,7,191,1152,3114
8053475328,2016-04-20,15108,254,12.19,12.19,0,9.58,0.23,2.38,0,89,5,158,695,3043
8053475328,2016-04-21,16057,278,12.51,12.51,0,9.67,0.25,2.58,0,100,6,170,1164,3103
8053475328,2016-04-22,10520,182,8.29,8.29,0,6.26,0.15,1.88,0,60,3,117,1260,2655
8053475328,2016-04-23,22359,364,17.19,17.19,0,12.54,0.63,4.02,0,125,14,223,741,3554
8053475328,2016-04-24,22988,346,17.95,17.95,0,13.13,1.55,3.26,0,129,33,182,1096,3577
8053475328,2016-04-25,20500,338,15.69,15.69,0,11.37,0.46,3.86,0,118,9,209,1104,3403
8053475328,2016-04-26,12685,260,9.62,9.62,0,6.31,0.2,3.1,0,68,5,185,1182,2846
8053475328,2016-04-27,12422,255,9.82,9.82,0,6.46,0.43,2.93,0,60,10,183,1187,2852
8053475328,2016-04-28,15447,254,12.4,12.4,0,9.67,0.39,2.35,0,90,9,153,1188,3062
8053475328,2016-04-29,12315,227,9.65,9.65,0,6.17,0.31,3.17,0,58,8,159,1215,2794
8053475328,2016-04-30,7135,161,5.59,5.59,0,2.99,0.06,2.54,0,27,1,131,1281,2408
8053475328,2016-05-01,1170,53,0.85,0.85,0,0,0,0.85,0,0,0,51,1389,1886
8053475328,2016-05-02,1969,97,1.43,1.43,0,0,0,1.43,0,0,0,95,1345,1988
8053475328,2016-05-03,15484,276,11.9,11.9,0,8.39,0.93,2.59,0,87,22,165,1166,3023
8053475328,2016-05-04,14581,222,11.15,11.15,0,8.82,0.4,1.91,0,89,8,123,1220,2918
8053475328,2016-05-05,14990,234,11.51,11.51,0,8.85,0.45,2.21,0,93,9,130,1208,2950
8053475328,2016-05-06,13953,197,11,11,0,9.1,0.69,1.21,0,90,15,90,1245,2859
8053475328,2016-05-07,19769,291,15.67,15.67,0,12.44,0.88,2.35,0,121,20,148,1076,3331
8053475328,2016-05-08,22026,369,17.65,17.65,0,13.4,0.59,3.66,0,125,14,228,1073,3589
8053475328,2016-05-09,12465,228,9.38,9.38,0,6.12,0.57,2.69,0,66,12,148,1214,2765
8053475328,2016-05-10,14810,223,11.36,11.36,0,9.09,0.42,1.85,0,96,10,115,1219,2926
8053475328,2016-05-11,12209,253,9.4,9.4,0,6.08,0.28,3.04,0,60,7,184,1189,2809
8053475328,2016-05-12,4998,73,3.91,3.91,0,2.95,0.2,0.76,0,28,4,39,839,1505
8253242879,2016-04-12,9033,198,7.16,7.16,0,5.43,0.14,1.59,0,40,2,154,1244,2044
8253242879,2016-04-13,8053,144,6.1,6.1,0,4.17,0.63,1.31,0,35,11,96,1298,1935
8253242879,2016-04-14,5234,80,3.46,3.46,0,1.93,0.99,0.54,0,29,16,33,1362,1705
8253242879,2016-04-15,2672,107,1.77,1.77,0,0,0,1.76,0,0,0,105,1335,1632
8253242879,2016-04-16,9256,174,6.14,6.14,0,0.43,3.27,2.45,0,6,51,115,1268,1880
8253242879,2016-04-17,10204,205,7.91,7.91,0,5.43,0.15,2.33,0,41,5,157,1237,2112
8253242879,2016-04-18,5151,164,3.48,3.48,0,1.04,0.63,1.8,0,16,16,130,1278,1829
8253242879,2016-04-19,4212,166,2.78,2.78,0,0,0,2.78,0,0,0,164,1276,1763
8253242879,2016-04-20,6466,241,4.27,4.27,0,0.33,0.82,3.11,0.01,5,18,216,1201,1931
8253242879,2016-04-21,11268,243,8.56,8.56,0,5.88,0.93,1.75,0,49,20,172,1199,2218
8253242879,2016-04-22,2824,122,1.87,1.87,0,0,0,1.87,0,0,0,120,1320,1651
8253242879,2016-04-23,9282,249,6.26,6.26,0,2.09,1.04,3.13,0,30,26,191,1193,2132
8253242879,2016-04-24,8905,129,7.13,7.13,0,5.6,0.19,1.34,0,41,4,82,1313,1976
8253242879,2016-04-25,6829,181,4.51,4.51,0,0.36,2.39,1.77,0,7,54,118,1261,1909
8253242879,2016-04-26,4562,143,3.04,3.04,0,1.18,0.49,1.37,0,19,14,108,1299,1813
8253242879,2016-04-27,10232,156,8.18,8.18,0,6.24,0.23,1.7,0,45,5,104,1286,2008
8253242879,2016-04-28,2718,49,1.8,1.8,0,0.67,0.78,0.34,0,11,16,20,1393,1580
8253242879,2016-04-29,6260,168,4.26,4.26,0,1.29,0.54,2.4,0,16,14,136,1257,1854
8253242879,2016-04-30,0,2,0,0,0,0,0,0,0,0,0,0,1440,0
8378563200,2016-04-12,7626,238,6.05,6.05,2.25,0.83,0.71,4.5,0,65,15,156,723,3635
8378563200,2016-04-13,12386,301,9.82,9.82,2.09,4.96,0.65,4.21,0,116,14,169,680,4079
8378563200,2016-04-14,13318,320,10.56,10.56,2.25,5.62,1.03,3.91,0,123,21,174,699,4163
8378563200,2016-04-15,14461,275,11.47,11.47,0,4.91,1.15,5.41,0,60,23,190,729,3666
8378563200,2016-04-16,11207,229,8.89,8.89,0,5.37,1.07,2.44,0,64,21,142,563,3363
8378563200,2016-04-17,2132,95,1.69,1.69,0,0,0,1.69,0,0,0,93,599,2572
8378563200,2016-04-18,13630,303,10.81,10.81,2.09,5.05,0.56,5.2,0,117,10,174,720,4157
8378563200,2016-04-19,13070,295,10.36,10.36,2.25,5.3,0.88,4.18,0,120,19,154,737,4092
8378563200,2016-04-20,9388,261,7.44,7.44,2.09,2.23,0.44,4.78,0,82,8,169,763,3787
8378563200,2016-04-21,15148,300,12.01,12.01,2.25,6.9,0.82,4.29,0,137,16,145,677,4236
8378563200,2016-04-22,12200,286,9.67,9.67,2.09,4.91,0.59,4.18,0,113,12,159,769,4044
8378563200,2016-04-23,5709,167,4.53,4.53,0,1.52,0.52,2.48,0,19,10,136,740,2908
8378563200,2016-04-24,3703,137,2.94,2.94,0,0,0,2.94,0,0,0,135,734,2741
8378563200,2016-04-25,12405,276,9.84,9.84,2.09,5.05,0.87,3.92,0,117,16,141,692,4005
8378563200,2016-04-26,16208,271,12.85,12.85,0,7.51,0.92,4.42,0,90,18,161,593,3763
8378563200,2016-04-27,7359,202,5.84,5.84,0,0.33,0.18,5.33,0,4,4,192,676,3061
8378563200,2016-04-28,5417,162,4.3,4.3,0,0.9,0.49,2.91,0,11,10,139,711,2884
8378563200,2016-04-29,6175,184,4.9,4.9,0,0.25,0.36,4.27,0,3,7,172,767,2982
8378563200,2016-04-30,2946,123,2.34,2.34,0,0,0,2.34,0,0,0,121,780,2660
8378563200,2016-05-01,11419,210,9.06,9.06,0,6.03,0.56,2.47,0,71,10,127,669,3369
8378563200,2016-05-02,6064,211,4.81,4.81,2.09,0.63,0.17,4.01,0,63,4,142,802,3491
8378563200,2016-05-03,8712,288,6.91,6.91,2.25,1.34,1.06,4.5,0,71,20,195,822,3784
8378563200,2016-05-04,7875,198,6.24,6.24,0,1.56,0.49,4.2,0,19,10,167,680,3110
8378563200,2016-05-05,8567,285,6.79,6.79,2.25,0.89,0.16,5.74,0,66,3,214,764,3783
8378563200,2016-05-06,7045,247,5.59,5.59,2.09,1.55,0.25,3.78,0,74,5,166,831,3644
8378563200,2016-05-07,4468,160,3.54,3.54,0,0,0,3.54,0,0,0,158,851,2799
8378563200,2016-05-08,2943,141,2.33,2.33,0,0,0,2.33,0,0,0,139,621,2685
8378563200,2016-05-09,8382,257,6.65,6.65,2.09,1.27,0.66,4.72,0,71,13,171,772,3721
8378563200,2016-05-10,6582,230,5.22,5.22,2.25,0.66,0.64,3.92,0,63,13,152,840,3586
8378563200,2016-05-11,9143,268,7.25,7.25,2.09,1.39,0.59,5.27,0,72,10,184,763,3788
8378563200,2016-05-12,4561,118,3.62,3.62,0,0.65,0.27,2.69,0,8,6,102,433,1976
8583815059,2016-04-12,5014,205,3.91,3.91,0,0,0.33,3.58,0,0,7,196,1237,2650
8583815059,2016-04-13,5571,190,4.35,4.35,0,0.15,0.97,3.23,0,2,23,163,1252,2654
8583815059,2016-04-14,3135,136,2.45,2.45,0,0,0,2.43,0,0,0,134,1306,2443
8583815059,2016-04-15,3430,67,2.68,2.68,0,0,0,0.9,0,0,0,65,1375,2505
8583815059,2016-04-16,5319,2,4.15,4.15,0,0,0,0,0,0,0,0,1440,2693
8583815059,2016-04-17,3008,2,2.35,2.35,0,0,0,0,0,0,0,0,1440,2439
8583815059,2016-04-18,3864,133,3.01,3.01,0,0.31,1.06,1.35,0,4,22,105,1309,2536
8583815059,2016-04-19,5697,185,4.44,4.44,0,0.53,0.48,3.44,0,7,10,166,1257,2668
8583815059,2016-04-20,5273,196,4.11,4.11,0,0,1.04,3.07,0,0,27,167,1246,2647
8583815059,2016-04-21,8538,213,6.66,6.66,0,2.63,1.02,3.01,0,35,18,158,1229,2883
8583815059,2016-04-22,8687,272,6.78,6.78,0,0.29,2.41,4.08,0,4,54,212,1170,2944
8583815059,2016-04-23,9423,291,7.35,7.35,0,0.53,2.03,4.75,0,7,44,238,1151,3012
8583815059,2016-04-24,8286,254,6.46,6.46,0,0.15,2.05,4.27,0,2,44,206,1188,2889
8583815059,2016-04-25,4503,148,3.51,3.51,0,1.47,0.24,1.81,0,18,6,122,1294,2547
8583815059,2016-04-26,10499,308,8.19,8.19,0,0.07,4.22,3.89,0,1,91,214,1134,3093
8583815059,2016-04-27,12474,213,9.73,9.73,0,6.6,0.27,2.87,0,77,5,129,1229,3142
8583815059,2016-04-28,6174,233,4.82,4.82,0,0,1.2,3.61,0,0,28,203,1209,2757
8583815059,2016-04-29,15168,373,11.83,11.83,0,3.9,3,4.92,0,46,67,258,1069,3513
8583815059,2016-04-30,10085,349,7.87,7.87,0,0.15,1.28,6.43,0,2,28,317,1093,3164
8583815059,2016-05-01,4512,131,3.52,3.52,0,0.78,0.12,2.04,0,10,2,117,1311,2596
8583815059,2016-05-02,8469,2,6.61,6.61,0,0,0,0,0,0,0,0,1440,2894
8583815059,2016-05-03,12015,2,9.37,9.37,0,0,0,0,0,0,0,0,1440,3212
8583815059,2016-05-04,3588,2,2.8,2.8,0,0,0,0,0,0,0,0,1440,2516
8583815059,2016-05-05,12427,72,9.69,9.69,0,0,0,1.18,0,0,0,70,1370,3266
8583815059,2016-05-06,5843,192,4.56,4.56,0,0.14,1.19,3.23,0,2,22,166,1250,2683
8583815059,2016-05-07,6117,252,4.77,4.77,0,0,0,4.77,0,0,0,250,1190,2810
8583815059,2016-05-08,9217,259,7.19,7.19,0,0.22,3.31,3.66,0,3,72,182,1183,2940
8583815059,2016-05-09,9877,182,7.7,7.7,0,5.76,0.17,1.73,0,66,4,110,1260,2947
8583815059,2016-05-10,8240,216,6.43,6.43,0,0.69,2.01,3.72,0,9,43,162,1226,2846
8583815059,2016-05-11,8701,255,6.79,6.79,0,0.37,3.24,3.17,0,5,71,177,1106,2804
8583815059,2016-05-12,0,2,0,0,0,0,0,0,0,0,0,0,1440,0
8792009665,2016-04-12,2564,118,1.64,1.64,0,0,0,1.64,0,0,0,116,831,2044
8792009665,2016-04-13,1320,84,0.84,0.84,0,0,0,0.84,0,0,0,82,806,1934
8792009665,2016-04-14,1219,86,0.78,0.78,0,0,0,0.78,0,0,0,84,853,1963
8792009665,2016-04-15,2483,128,1.59,1.59,0,0,0,1.59,0,0,0,126,937,2009
8792009665,2016-04-16,244,14,0.16,0.16,0,0,0,0.16,0,0,0,12,1428,1721
8792009665,2016-04-17,0,2,0,0,0,0,0,0,0,0,0,0,1440,1688
8792009665,2016-04-18,0,2,0,0,0,0,0,0,0,0,0,0,1440,1688
8792009665,2016-04-19,0,2,0,0,0,0,0,0,0,0,0,0,1440,1688
8792009665,2016-04-20,3147,151,2.01,2.01,0,0,0.28,1.74,0,0,10,139,744,2188
8792009665,2016-04-21,144,11,0.09,0.09,0,0,0,0.09,0,0,0,9,1431,1720
8792009665,2016-04-22,4068,218,2.6,2.6,0,0.05,0.28,2.27,0,1,20,195,817,2419
8792009665,2016-04-23,5245,287,3.36,3.36,0,0.16,0.44,2.75,0,8,45,232,795,2748
8792009665,2016-04-24,400,32,0.26,0.26,0,0.04,0.05,0.16,0,3,8,19,1410,1799
8792009665,2016-04-25,0,2,0,0,0,0,0,0,0,0,0,0,1440,1688
8792009665,2016-04-26,1321,82,0.85,0.85,0,0,0,0.85,0,0,0,80,1360,1928
8792009665,2016-04-27,1758,114,1.13,1.13,0,0,0,1.13,0,0,0,112,900,2067
8792009665,2016-04-28,6157,312,3.94,3.94,0,0,0,3.94,0,0,0,310,714,2780
8792009665,2016-04-29,8360,402,5.35,5.35,0,0.14,0.28,4.93,0,6,14,380,634,3101
8792009665,2016-04-30,7174,333,4.59,4.59,0,0.33,0.36,3.91,0,10,20,301,749,2896
8792009665,2016-05-01,1619,81,1.04,1.04,0,0,0,1.04,0,0,0,79,834,1962
8792009665,2016-05-02,1831,103,1.17,1.17,0,0,0,1.17,0,0,0,101,916,2015
8792009665,2016-05-03,2421,158,1.55,1.55,0,0,0,1.55,0,0,0,156,739,2297
8792009665,2016-05-04,2283,131,1.46,1.46,0,0,0,1.46,0,0,0,129,848,2067
8792009665,2016-05-05,0,2,0,0,0,0,0,0,0,0,0,0,1440,1688
8792009665,2016-05-06,0,2,0,0,0,0,0,0,0,0,0,0,1440,1688
8792009665,2016-05-07,0,2,0,0,0,0,0,0,0,0,0,0,1440,1688
8792009665,2016-05-08,0,2,0,0,0,0,0,0,0,0,0,0,1440,1688
8792009665,2016-05-09,0,2,0,0,0,0,0,0,0,0,0,0,1440,1688
8792009665,2016-05-10,0,2,0,0,0,0,0,0,0,0,0,0,48,57
8877689391,2016-04-12,23186,406,20.4,20.4,0,12.22,0.34,7.82,0,85,7,312,1036,3921
8877689391,2016-04-13,15337,344,9.58,9.58,0,3.55,0.38,5.64,0,108,18,216,1098,3566
8877689391,2016-04-14,21129,381,18.98,18.98,0,10.55,0.59,7.75,0.02,68,13,298,1061,3793
8877689391,2016-04-15,13422,390,7.17,7.17,0,0.05,0.05,7.01,0.01,106,1,281,1052,3934
8877689391,2016-04-16,29326,554,25.29,25.29,0,13.24,1.21,10.71,0,94,29,429,888,4547
8877689391,2016-04-17,15118,382,8.87,8.87,0,0,0.07,8.79,0,58,15,307,1060,3545
8877689391,2016-04-18,11423,227,8.67,8.67,0,2.44,0.27,5.94,0,29,5,191,1215,2761
8877689391,2016-04-19,18785,311,17.4,17.4,0,12.15,0.18,5.03,0,82,13,214,1131,3676
8877689391,2016-04-20,19948,319,18.11,18.11,0,11.02,0.69,6.34,0,73,19,225,1123,3679
8877689391,2016-04-21,19377,323,17.62,17.62,0,12.29,0.42,4.89,0,82,13,226,1119,3659
8877689391,2016-04-22,18258,301,16.31,16.31,0,10.23,0.03,5.97,0.050000001,61,2,236,1141,3427
8877689391,2016-04-23,11200,410,7.43,7.43,0,0,0,7.4,0.01,102,6,300,1032,3891
8877689391,2016-04-24,16674,294,15.74,15.74,0,11.01,0.01,4.69,0,64,1,227,1148,3455
8877689391,2016-04-25,12986,341,8.74,8.74,0,2.37,0.07,6.27,0.01,113,8,218,1101,3802
8877689391,2016-04-26,11101,285,8.43,8.43,0,1.76,0.13,6.5,0,22,3,258,1157,2860
8877689391,2016-04-27,23629,338,20.65,20.65,0,13.07,0.44,7.1,0,93,8,235,1104,3808
8877689391,2016-04-28,14890,299,11.3,11.3,0,4.93,0.38,5.97,0,58,8,231,1143,3060
8877689391,2016-04-29,9733,235,7.39,7.39,0,1.38,0.17,5.79,0,18,5,210,1207,2698
8877689391,2016-04-30,27745,353,26.72,26.72,0,21.66,0.08,4.93,0,124,4,223,1089,4398
8877689391,2016-05-01,10930,216,8.32,8.32,0,3.13,0.57,4.57,0,36,12,166,1226,2786
8877689391,2016-05-02,4790,107,3.64,3.64,0,0,0,3.56,0,0,0,105,1335,2189
8877689391,2016-05-03,10818,253,8.21,8.21,0,1.39,0.1,6.67,0.01,19,3,229,1189,2817
8877689391,2016-05-04,18193,288,16.3,16.3,0,10.42,0.31,5.53,0,66,8,212,1154,3477
8877689391,2016-05-05,14055,272,10.67,10.67,0,5.46,0.82,4.37,0,67,15,188,1170,3052
8877689391,2016-05-06,21727,347,19.34,19.34,0,12.79,0.29,6.16,0,96,17,232,1095,4015
8877689391,2016-05-07,12332,406,8.13,8.13,0,0.08,0.96,6.99,0,105,28,271,1036,4142
8877689391,2016-05-08,10686,268,8.11,8.11,0,1.08,0.2,6.8,0,17,4,245,1174,2847
8877689391,2016-05-09,20226,311,18.25,18.25,0,11.1,0.8,6.24,0.050000001,73,19,217,1131,3710
8877689391,2016-05-10,10733,255,8.15,8.15,0,1.35,0.46,6.28,0,18,11,224,1187,2832
8877689391,2016-05-11,21420,315,19.56,19.56,0,13.22,0.41,5.89,0,88,12,213,1127,3832
8877689391,2016-05-12,8064,163,6.12,6.12,0,1.82,0.04,4.25,0,23,1,137,770,1849
